Nome,Saturados (g),Monoinsaturados (g),Poliinsaturados (g),Manganês (mg),Fósforo (mg),Ferro (mg),Sódio (mg),Cobre (mg),Zinco (mg),Retinol(µg),Tiamina (mg),Riboflavina (mg),Piridoxina (mg),Niacina (mg),Vitamina C (mg),id,Umidade (%),Energia (kcal),Energia (kJ),Proteína (g),Lipídeos (g),Colesterol (mg),Carboidrato (g),Fibra Alimentar (g),Cinzas (g),Cálcio (mg),Magnésio (mg),Unnamed: 13
Arroz integral cozido,0.3,0.4,0.3,0.63,106.0,0.3,1,0.02,0.7,0.0,0.08,0.0,0.08,0.0,0.0,1,70.1,124,517,2.6,1.0,0,25.8,2.7,0.5,5,59 ,0.0
Arroz integral cru,0.3,0.5,0.4,2.99,251.0,0.9,2,0.07,1.4,0.0,0.26,0.0,0.18,4.18,0.0,2,12.2,360,1505,7.3,1.9,0,77.5,4.8,1.2,8,110 ,0.0
Arroz tipo 1 cozido,0.2,0.0,0.0,0.3,18.0,0.1,1,0.02,0.5,0.0,0.0,0.0,0.0,0.0,0.0,3,69.1,128,537,2.5,0.2,0,28.1,1.6,0.1,4,2 ,0.0
Arroz tipo 1 cru,0.1,0.1,0.1,1.03,104.0,0.7,1,0.11,1.2,0.0,0.16,0.0,0.07,1.12,0.0,4,13.2,358,1497,7.2,0.3,0,78.8,1.6,0.5,4,30 ,0.0
Arroz tipo 2 cozido,0.1,0.1,0.1,0.37,22.0,0.1,2,0.04,0.5,0.0,0.0,0.0,0.0,0.0,0.0,5,68.7,130,544,2.6,0.4,0,28.2,1.1,0.1,3,6 ,0.0
Arroz tipo 2 cru,0.1,0.1,0.1,0.83,82.0,0.6,1,0.05,1.3,0.0,0.16,0.0,0.05,0.92,0.0,6,13.2,358,1498,7.2,0.3,0,78.9,1.7,0.4,5,29,0.0
Aveia flocos crua,1.5,3.2,3.0,1.89,153.0,4.4,5,0.44,2.6,0.0,0.55,0.03,0.0,4.47,1.4,7,9.1,394,1648,13.9,8.5,0,66.6,9.1,1.8,48,119,0.0
Biscoito doce maisena,3.9,3.7,2.2,0.78,166.0,1.8,352,0.17,1.0,0.0,1.01,0.42,0.23,3.91,6.2,8,3.2,443,1853,8.1,12.0,0,75.2,2.1,1.5,54,37,0.0
Biscoito doce recheado com chocolate,6.2,6.6,1.7,0.59,139.0,2.3,239,0.27,1.0,0.0,0.32,0.39,0.46,2.52,3.5,9,2.2,472,1974,6.4,19.6,0,70.5,3.0,1.3,27,48,0.0
Biscoito doce recheado com morango,6.1,6.5,1.7,0.66,138.0,1.5,230,0.13,0.7,0.0,0.9,0.42,0.21,1.5,0.0,10,2.7,471,1971,5.7,19.6,0,71.0,1.5,1.0,36,27,0.0
Biscoito doce wafer recheado de chocolate,6.5,8.1,1.9,0.44,124.0,2.4,137,0.26,0.9,0.0,0.37,0.03,0.3,1.12,0.0,11,1.2,502,2102,5.6,24.7,0,67.5,1.8,1.1,23,48,0.0
Biscoito doce wafer recheado de morango,6.7,8.9,1.8,0.28,73.0,1.1,120,0.08,0.5,0.0,0.36,0.0,0.94,0.37,0.0,12,1.2,513,2148,4.5,26.4,1,67.4,0.8,0.6,14,19,0.0
Biscoito salgado cream cracker,4.4,4.6,2.9,0.69,148.0,2.2,854,0.18,1.1,0.0,0.71,0.13,0.17,7.14,0.0,13,4.1,432,1806,10.1,14.4,0,68.7,2.5,2.7,20,40,0.0
Bolo mistura para,2.1,1.9,0.8,0.46,333.0,1.2,463,0.15,0.6,0.0,0.18,0.0,1.5,1.52,0.0,14,1.0,419,1752,6.2,6.1,0,84.7,1.7,2.0,59,28,0.0
Bolo pronto aipim,5.0,3.9,1.1,0.11,122.0,0.5,111,0.05,0.4,0.0,0.13,0.07,0.0,0.0,0.0,15,34.1,324,1355,4.4,12.7,73,47.9,0.7,0.8,85,10,0.0
Bolo pronto chocolate,5.5,6.2,3.0,0.38,197.0,2.1,283,0.05,0.7,0.0,0.13,0.09,0.05,0.0,0.0,16,19.3,410,1715,6.2,18.5,77,54.7,1.4,1.3,75,28,0.0
Bolo pronto coco,4.9,3.0,1.8,0.4,303.0,0.8,190,0.09,0.7,0.0,0.15,0.06,0.0,0.0,0.0,17,29.3,333,1395,5.7,11.3,63,52.3,1.1,1.4,57,16,0.0
Bolo pronto milho,4.5,3.9,1.5,0.11,128.0,0.7,134,0.04,0.4,57.0,0.11,0.05,0.0,0.0,0.0,18,36.7,311,1303,4.8,12.4,82,45.1,0.7,1.0,83,10,0.0
Canjica branca crua,0.3,0.2,0.4,0.09,48.0,0.3,1,0.05,0.4,0.0,0.0,0.0,0.0,0.0,0.0,19,13.6,358,1496,7.2,1.0,0,78.1,5.5,0.2,2,12,0.0
Canjica com leite integral,0.6,0.4,0.1,0.02,41.0,0.1,28,0.03,0.3,0.0,0.0,0.04,0.0,0.0,0.0,20,72.5,112,471,2.4,1.2,1,23.6,1.2,0.3,43,6,0.0
Cereais milho flocos com sal,0.5,0.6,0.9,0.0,91.0,0.5,272,0.0,0.6,0.0,0.12,0.0,0.06,0.0,0.0,21,9.3,370,1546,7.3,1.6,0,80.8,5.3,1.0,2,20,0.0
Cereais milho flocos sem sal,0.3,0.3,0.6,0.0,58.0,1.7,31,0.24,0.3,0.0,0.05,0.0,0.04,0.0,0.0,22,11.2,363,1520,6.9,1.2,0,80.4,1.8,0.3,2,17,0.0
Cereais mingau milho infantil,0.3,0.3,0.5,0.11,169.0,3.0,399,0.04,0.4,21.0,3.72,0.47,5.08,24.16,109.4,23,4.7,394,1650,6.4,1.1,0,87.3,3.2,0.5,219,16,0.0
Cereais mistura para vitamina trigo cevada e aveia,0.5,0.4,1.0,2.28,515.0,12.6,1163,0.21,2.0,0.0,0.76,0.88,1.49,7.46,13.1,24,4.4,381,1595,8.9,2.1,0,81.6,5.0,3.0,584,72,0.0
Cereal matinal milho,0.4,0.3,0.3,0.06,101.0,3.1,655,0.06,7.6,0.0,0.76,1.02,2.25,11.04,17.3,25,5.5,365,1529,7.2,1.0,0,83.8,4.1,2.5,143,11,0.0
Cereal matinal milho açúcar,0.2,0.3,0.3,0.13,43.0,3.9,405,0.04,8.5,0.0,0.73,1.11,0.79,10.13,14.6,26,4.3,377,1576,4.7,0.7,0,88.8,2.1,1.5,56,8,0.0
Creme de arroz pó,0.4,0.3,0.4,1.24,153.0,0.6,1,0.04,1.9,0.0,0.22,0.0,0.05,0.0,0.0,27,7.3,386,1615,7.0,1.2,0,83.9,1.1,0.5,7,51,0.0
Creme de milho pó,0.3,0.5,0.8,0.2,303.0,4.3,594,0.04,0.8,0.0,0.74,0.0,2.05,0.0,96.3,28,5.7,333,1393,4.8,1.6,0,86.1,3.7,1.7,323,30,0.0
Curau milho verde,0.8,0.5,0.2,0.06,75.0,0.4,21,0.03,0.4,12.0,0.04,0.07,0.0,0.0,0.0,29,81.6,78,328,2.4,1.6,5,13.9,0.5,0.5,53,16,0.0
Curau milho verde mistura para,3.0,4.9,1.4,0.05,45.0,0.9,223,0.03,0.2,0.0,0.13,0.0,0.0,0.0,0.0,30,3.9,402,1683,2.2,13.4,0,79.8,2.5,0.7,31,9,0.0
Farinha de arroz enriquecida,0.2,0.1,0.2,0.04,36.0,31.4,17,0.0,8.5,0.0,3.23,0.0,3.47,24.42,173.6,31,12.7,363,1519,1.3,0.3,0,85.5,0.6,0.2,1,4,0.0
Farinha de centeio integral,0.3,0.3,0.8,3.86,340.0,4.7,41,0.56,2.7,0.0,0.29,0.03,0.08,0.0,0.0,32,10.8,336,1405,12.5,1.8,0,73.3,15.5,1.7,34,120,0.0
Farinha de milho amarela,0.4,0.4,0.6,0.0,84.0,2.3,45,0.27,0.6,0.0,0.25,0.0,0.25,0.0,0.0,33,11.8,351,1467,7.2,1.5,0,79.1,5.5,0.5,1,31,0.0
Farinha de rosca,0.6,0.4,0.8,1.62,195.0,6.7,333,0.26,1.7,0.0,0.25,0.0,0.09,0.0,0.0,34,9.8,371,1550,11.4,1.5,0,75.8,4.8,1.6,35,57,0.0
Farinha de trigo,0.3,0.2,0.4,0.46,115.0,1.0,1,0.15,0.8,0.0,0.31,0.0,0.0,0.89,0.0,35,13.0,360,1508,9.8,1.4,0,75.1,2.3,0.8,18,31,0.0
Farinha láctea de cereais,3.3,1.4,0.6,1.49,296.0,8.7,125,0.19,1.7,492.0,1.43,1.13,1.14,9.5,24.3,36,2.7,415,1736,11.9,5.8,11,77.8,1.9,1.9,196,58,0.0
Lasanha massa fresca cozida,0.6,0.4,0.1,0.2,42.0,1.2,207,0.07,0.4,0.0,0.04,0.0,0.0,3.96,0.0,37,59.6,164,685,5.8,1.2,0,32.5,1.6,0.9,10,4,0.0
Lasanha massa fresca crua,0.5,0.4,0.4,0.34,82.0,1.9,667,0.1,0.8,0.0,0.08,0.0,0.0,0.0,0.0,38,45.0,220,922,7.0,1.3,0,45.1,1.6,1.6,17,13,0.0
Macarrão instantâneo,0.0,0.0,0.0,0.25,112.0,0.8,1516,0.1,0.5,0.0,1.18,0.04,0.53,9.37,0.0,39,6.0,436,1824,8.8,17.2,0,62.4,5.6,5.6,18,19,0.0
Macarrão trigo cru,0.0,0.0,0.0,0.53,100.0,0.9,7,0.15,0.8,0.0,0.18,0.02,0.0,3.57,0.0,40,10.2,371,1553,10.0,1.3,0,77.9,2.9,0.5,17,28,0.0
Macarrão trigo cru com ovos,0.5,0.4,0.8,0.4,118.0,0.9,15,0.14,0.8,0.0,0.11,0.05,0.03,4.37,0.0,41,10.6,371,1550,10.3,2.0,18,76.6,2.3,0.5,19,0,0.0
Milho amido cru,0.0,0.0,0.0,0.02,13.0,0.1,8,0.02,0.1,0.0,0.0,0.0,0.0,0.0,0.0,42,12.2,361,1512,0.6,0,0,87.1,0.7,0.1,1,3,0.0
Milho fubá cru,0.4,0.9,1.3,0.34,108.0,0.9,0,0.08,1.1,0.0,0.25,0.0,0.0,0.75,0.0,43,11.5,353,1479,7.2,1.9,0,78.9,4.7,0.6,3,41,0.0
Milho verde cru,0.2,0.2,0.6,0.12,113.0,0.4,1,0.05,0.5,0.0,0.3,0.0,0.04,0.0,0.0,44,63.5,138,578,6.6,0.6,0,28.6,3.9,0.7,2,33,0.0
Milho verde enlatado drenado,0.6,0.8,0.9,0.09,61.0,0.6,260,0.05,0.5,0.0,0.0,0.05,0.0,3.74,1.7,45,76.2,98,408,3.2,2.4,0,17.1,4.6,1.1,2,20,0.0
Mingau tradicional pó,0.1,0.0,0.1,0.0,273.0,42.0,15,0.0,15.2,1533.0,3.41,0.0,3.11,19.39,0.0,46,8.1,373,1562,0.6,0.4,0,89.3,0.9,1.6,522,4,0.0
Pamonha barra para cozimento pré-cozida,0.5,0.7,1.4,0.12,55.0,0.4,132,0.03,0.4,0.0,0.0,0.0,0.0,0.0,0.0,47,61.3,171,716,2.6,4.8,0,30.7,2.4,0.6,4,15,0.0
Pão aveia forma,1.1,1.0,1.6,1.08,182.0,4.7,606,0.14,1.7,0.0,0.09,0.03,0.08,0.0,0.0,48,19.9,343,1435,12.4,5.7,0,59.6,6.0,2.5,109,57,0.0
Pão de soja,0.7,0.6,1.6,0.57,153.0,3.3,663,0.16,1.5,0.0,0.07,0.04,0.79,0.0,0.0,49,26.0,309,1292,11.3,3.6,0,56.5,5.7,2.5,90,48,0.0
Pão glúten forma,0.5,0.6,0.7,0.51,105.0,5.7,22,0.06,1.3,0.0,0.04,0.03,0.0,0.0,0.0,50,40.7,253,1059,12.0,2.7,0,44.1,2.5,0.5,156,24,0.0
Pão milho forma,0.6,0.6,1.0,0.37,110.0,3.0,507,0.1,0.8,0.0,0.08,0.0,0.08,0.0,0.0,51,30.4,292,1222,8.3,3.1,6,56.4,4.3,1.8,78,29,0.0
Pão trigo forma integral,0.7,0.8,1.1,1.62,193.0,3.0,506,0.15,1.6,0.0,0.08,0.04,0.15,0.0,0.0,52,34.7,253,1059,9.4,3.7,0,49.9,6.9,2.3,132,60,0.0
Pão trigo francês,1.0,0.9,0.7,0.46,95.0,1.0,648,0.13,0.8,3.0,0.39,0.67,0.6,2.34,0.0,53,28.5,300,1254,8.0,3.1,0,58.6,2.3,1.8,16,25,0.0
Pão trigo sovado,0.8,0.7,0.7,0.31,101.0,2.3,431,0.0,2.7,0.0,0.08,0.04,0.15,0.0,0.0,54,25.8,311,1301,8.4,2.8,17,61.5,2.4,1.5,52,22,0.0
Pastel de carne cru,3.7,2.9,1.1,0.34,117.0,2.0,1309,0.11,1.7,0.0,0.06,0.03,0.0,1.58,0.0,55,34.4,289,1208,10.7,8.8,18,42.0,1.0,4.1,17,18,0.0
Pastel de carne frito,4.8,5.9,7.6,0.22,90.0,2.5,1040,0.12,1.2,0.0,0.06,0.05,0.0,1.83,0.0,56,22.9,388,1625,10.1,20.1,25,43.8,1.0,3.1,13,14,0.0
Pastel de queijo cru,0.0,0.0,0.0,0.24,168.0,1.0,985,0.1,1.0,0.0,0.07,0.03,0.0,0.0,0.0,57,31.3,308,1291,9.9,9.6,14,45.9,1.1,3.3,155,16,0.0
Pastel de queijo frito,0.0,0.0,0.0,0.2,124.0,1.3,821,0.1,0.8,18.0,0.09,0.04,0.0,0.0,0.0,58,17.5,422,1766,8.7,22.7,15,48.1,0.9,2.9,126,15,0.0
Pastel massa crua,2.1,1.7,0.9,0.38,73.0,1.1,1344,0.11,0.6,0.0,0.15,0.0,0.0,0.0,0.0,59,27.1,310,1298,6.9,5.5,0,57.4,1.4,3.2,13,14,0.0
Pastel massa frita,6.9,10.1,21.2,0.36,62.0,1.4,1175,0.08,0.5,0.0,0.16,0.0,0.0,0.0,0.0,60,1.0,570,2384,6.0,40.9,0,49.3,1.3,2.8,11,13,0.0
Pipoca com óleo de soja sem sal,2.4,3.7,9.2,0.65,225.0,1.2,4,0.46,2.0,0.0,0.03,0.03,0.0,0.0,0.0,61,2.8,448,1876,9.9,15.9,0,70.3,14.3,1.0,3,91,0.0
Polenta pré-cozida,0.0,0.0,0.0,0.0,17.0,0.0,442,0.04,0.1,0.0,0.04,0.0,0.0,0.0,0.0,62,72.7,103,430,2.3,0.3,0,23.3,2.4,1.4,1,4,0.0
Torrada pão francês,0.9,0.8,1.0,0.55,114.0,1.2,829,0.16,0.9,0.0,0.38,0.0,0.0,0.0,0.0,63,9.0,377,1579,10.5,3.3,0,74.6,3.4,2.6,19,32,0.0
Abóbora cabotian cozida,0.1,0.2,0.2,0.26,33.0,0.3,1,0.06,0.3,0.0,0.08,0.0,0.07,0.0,7.5,64,86.4,48,201,1.4,0.7,0,10.8,2.5,0.7,8,9,0.0
Abóbora cabotian crua,0.1,0.1,0.0,0.11,26.0,0.4,0,0.06,0.3,0.0,0.0,0.0,0.1,0.0,5.1,65,88.5,39,161,1.7,0.5,0,8.4,2.2,0.8,18,9,0.0
Abóbora menina brasileira crua,0.0,0.0,0.0,0.01,12.0,0.2,0,0.02,0.0,0.0,0.07,0.0,0.04,0.0,1.5,66,95.7,14,57,0.6,0,0,3.3,1.2,0.4,9,4,0.0
Abóbora moranga crua,0.0,0.0,0.0,0.01,8.0,0.0,0,0.05,0.1,0.0,0.0,0.0,0.06,0.0,9.6,67,95.9,12,52,1.0,0.1,0,2.7,1.7,0.4,3,2,0.0
Abóbora moranga refogada,0.1,0.2,0.4,0.02,12.0,0.1,3,0.04,0.1,0.0,0.05,0.0,0.05,0.0,6.7,68,92.5,29,121,0.4,0.8,0,6.0,1.5,0.4,19,7,0.0
Abobora pescoço crua,0.0,0.0,0.0,0.07,32.0,0.3,1,0.09,0.2,0.0,0.0,0.0,0.06,0.0,2.1,69,92.5,24,102,0.7,0.1,0,6.1,2.3,0.6,9,7,0.0
Abobrinha italiana cozida,0.1,0.0,0.1,0.11,22.0,0.2,1,0.01,0.3,0.0,0.05,0.0,0.06,0.0,2.1,70,95.3,15,63,1.1,0.2,0,3.0,1.6,0.4,17,17,0.0
Abobrinha italiana crua,0.0,0.0,0.0,0.09,32.0,0.2,0,0.05,0.2,0.0,0.0,0.06,0.03,0.0,6.9,71,93.9,19,81,1.1,0.1,0,4.3,1.4,0.6,15,20,0.0
Abobrinha italiana refogada,0.1,0.2,0.5,0.14,32.0,0.4,2,0.02,0.3,0.0,0.04,0.0,0.0,0.0,7.5,72,93.5,24,102,1.1,0.8,0,4.2,1.4,0.4,21,13,0.0
Abobrinha paulista crua,0.0,0.0,0.0,0.11,33.0,0.2,1,0.1,0.2,0.0,0.0,0.0,0.03,0.0,17.5,73,90.9,31,129,0.6,0.1,0,7.9,2.6,0.5,19,9,0.0
Acelga crua,0.0,0.0,0.0,0.11,40.0,0.3,1,0.1,0.3,0.0,0.04,0.0,0.16,0.0,22.6,74,93.2,21,88,1.4,0.1,0,4.6,1.1,0.6,43,10,0.0
Agrião cru,0.0,0.0,0.0,0.28,51.0,3.1,7,0.1,0.7,0.0,0.11,0.23,0.09,1.19,60.1,75,93.9,17,69,2.7,0.2,0,2.3,2.1,0.9,133,18,0.0
Aipo cru,0.0,0.0,0.0,0.18,28.0,0.7,10,0.31,0.1,0.0,0.0,0.0,0.18,0.0,5.9,76,93.8,19,80,0.8,0.1,0,4.3,1.0,1.1,65,9,0.0
Alface americana crua,0.0,0.0,0.0,0.12,19.0,0.3,7,0.02,0.2,0.0,0.03,0.0,0.04,0.0,11.0,77,97.2,9,37,0.6,0.1,0,1.7,1.0,0.3,14,6,0.0
Alface crespa crua,0.0,0.0,0.0,0.2,26.0,0.4,3,0.03,0.3,0.0,0.11,0.12,0.0,1.09,15.6,78,96.1,11,45,1.3,0.2,0,1.7,1.8,0.7,38,11,0.0
Alface lisa crua,0.0,0.0,0.0,0.33,26.0,0.6,4,0.03,0.3,0.0,0.09,0.08,0.07,0.75,21.4,79,95.0,14,58,1.7,0.1,0,2.4,2.3,0.8,28,9,0.0
Alface roxa crua,0.0,0.0,0.0,0.12,51.0,2.5,7,0.04,0.2,0.0,0.0,0.0,0.0,0.0,13.5,80,95.7,13,53,0.9,0.2,0,2.5,2.0,0.7,34,9,0.0
Alfavaca crua,0.1,0.0,0.2,0.15,50.0,1.3,5,0.15,0.7,0.0,0.0,0.12,0.56,0.0,0.0,81,90.2,29,122,2.7,0.5,0,5.2,4.1,1.4,258,84,0.0
Alho cru,0.0,0.0,0.0,0.24,149.0,0.8,5,0.15,0.8,0.0,0.18,0.0,0.44,0.0,0.0,82,67.5,113,473,7.0,0.2,0,23.9,4.3,1.3,14,21,0.0
Alho-poró cru,0.0,0.0,0.0,0.1,36.0,0.6,2,0.29,0.2,0.0,0.06,0.0,0.08,0.34,14.1,83,91.0,32,132,1.4,0.1,0,6.9,2.5,0.6,34,11,0.0
Almeirão cru,0.0,0.0,0.0,0.17,40.0,0.7,2,0.1,0.3,0.0,0.1,0.18,0.0,0.63,1.7,84,93.7,18,75,1.8,0.2,0,3.3,2.6,1.0,19,21,0.0
Almeirão refogado,0.8,1.1,2.6,0.28,31.0,1.6,15,0.06,0.2,0.0,0.03,0.06,0.05,4.03,1.5,85,86.5,65,272,1.7,4.8,0,5.7,3.4,1.2,63,17,0.0
Batata baroa cozida,0.0,0.0,0.0,0.22,29.0,0.4,2,0.15,0.4,0.0,0.06,0.0,0.0,1.98,17.1,86,79.3,80,335,0.9,0.2,0,18.9,1.8,0.8,12,8,0.0
Batata baroa crua,0.0,0.0,0.0,0.07,45.0,0.3,0,0.05,0.2,0.0,0.05,0.0,0.12,0.0,7.6,87,73.7,101,423,1.0,0.2,0,24.0,2.1,1.1,17,12,0.0
Batata doce cozida,0.0,0.0,0.0,0.14,15.0,0.2,3,0.06,0.1,0.0,0.08,0.0,0.05,2.57,23.8,88,80.4,77,321,0.6,0.1,0,18.4,2.2,0.4,17,11,0.0
Batata doce crua,0.0,0.0,0.0,0.18,36.0,0.4,9,0.11,0.2,0.0,0.06,0.0,0.1,0.0,16.5,89,69.5,118,495,1.3,0.1,0,28.2,2.6,0.9,21,17,0.0
Batata frita tipo chips industrializada,12.9,11.9,4.0,0.23,96.0,0.7,607,0.12,0.6,0.0,0.2,0.0,0.13,2.61,0.0,90,2.7,543,2271,5.6,36.6,0,51.2,2.5,3.9,12,24,0.0
Batata inglesa cozida,0.0,0.0,0.0,0.07,24.0,0.2,2,0.06,0.2,0.0,0.05,0.0,0.08,0.0,3.8,91,86.4,52,216,1.2,0,0,11.9,1.3,0.5,4,5,0.0
Batata inglesa crua,0.0,0.0,0.0,0.1,39.0,0.4,0,0.09,0.2,0.0,0.1,0.0,0.15,0.0,31.1,92,82.9,64,269,1.8,0,0,14.7,1.2,0.6,4,15,0.0
Batata inglesa frita,2.1,3.4,6.6,0.15,70.0,0.4,2,0.1,0.4,0.0,0.17,0.0,0.1,2.51,16.3,93,44.1,267,1118,5.0,13.1,0,35.6,8.1,2.2,6,14,0.0
Batata inglesa sauté,0.3,0.2,0.4,0.08,32.0,0.3,8,0.05,0.2,0.0,0.07,0.0,0.09,1.38,0.0,94,83.1,68,284,1.3,0.9,0,14.1,1.4,0.6,4,6,0.0
Berinjela cozida,0.0,0.0,0.0,0.11,15.0,0.2,1,0.04,0.1,0.0,0.04,0.0,0.0,0.0,0.0,95,94.4,19,79,0.7,0.1,0,4.5,2.5,0.3,11,9,0.0
Berinjela crua,0.0,0.0,0.0,0.1,20.0,0.2,0,0.06,0.1,0.0,0.04,0.05,0.0,0.0,3.0,96,93.8,20,82,1.2,0.1,0,4.4,2.9,0.4,9,13,0.0
Beterraba cozida,0.0,0.0,0.0,0.19,30.0,0.2,23,0.04,0.4,0.0,0.09,0.0,0.0,0.0,1.2,97,90.6,32,135,1.3,0.1,0,7.2,1.9,0.8,15,17,0.0
Beterraba crua,0.0,0.0,0.0,1.23,19.0,0.3,10,0.08,0.5,0.0,0.04,0.0,0.04,0.0,3.1,98,86.0,49,204,1.9,0.1,0,11.1,3.4,0.9,18,24,0.0
Biscoito polvilho doce,2.4,4.3,0.6,0.08,23.0,1.8,98,0.04,0.1,0.0,0.0,0.03,0.07,0.0,0.0,99,5.4,438,1831,1.3,12.2,9,80.5,1.2,0.5,30,6,0.0
Brócolis cozido,0.1,0.0,0.2,0.12,33.0,0.5,2,0.08,0.2,0.0,0.04,0.03,0.0,0.0,42.0,100,92.6,25,103,2.1,0.5,0,4.4,3.4,0.4,51,15,0.0
Brócolis cru,0.1,0.1,0.2,0.26,78.0,0.6,3,0.06,0.5,0.0,0.12,0.18,0.08,1.39,34.3,101,91.2,25,107,3.6,0.3,0,4.0,2.9,0.8,86,30,0.0
Cará cozido,0.0,0.0,0.0,0.02,28.0,0.3,1,0.11,0.2,0.0,0.12,0.0,0.12,0.0,0.0,102,78.9,78,325,1.5,0.1,0,18.9,2.6,0.6,5,15,0.0
Cará cru,0.0,0.0,0.0,0.01,35.0,0.2,0,0.06,0.2,0.0,0.11,0.0,0.02,0.0,8.8,103,73.7,96,400,2.3,0.1,0,23.0,7.3,0.9,4,11,0.0
Caruru cru,0.1,0.0,0.3,0.89,77.0,4.5,14,0.37,6.0,0.0,0.0,0.1,0.11,0.0,5.4,104,87.6,34,142,3.2,0.6,0,6.0,4.5,2.6,455,197,0.0
Catalonha crua,0.1,0.0,0.1,0.34,32.0,3.1,9,0.27,0.5,0.0,0.0,0.03,0.36,1.54,7.3,105,91.8,24,100,1.9,0.3,0,4.8,2.0,1.3,57,17,0.0
Catalonha refogada,0.7,1.1,3.0,0.64,35.0,1.2,25,0.18,0.4,0.0,0.04,0.0,0.03,0.6,0.0,106,87.4,63,265,2.0,4.8,0,4.8,3.7,1.0,63,16,0.0
Cebola crua,0.0,0.0,0.0,0.13,38.0,0.2,1,0.05,0.2,0.0,0.04,0.0,0.14,0.0,4.7,107,88.9,39,165,1.7,0.1,0,8.9,2.2,0.4,14,12,0.0
Cebolinha crua,0.0,0.0,0.0,0.13,27.0,0.6,2,0.04,0.3,0.0,0.03,0.04,0.08,0.0,31.8,108,93.9,20,82,1.9,0.4,0,3.4,3.6,0.5,80,25,0.0
Cenoura cozida,0.0,0.0,0.1,0.05,27.0,0.1,8,0.02,0.2,0.0,0.07,0.0,0.06,2.68,0.0,109,91.7,30,125,0.8,0.2,0,6.7,2.6,0.6,26,14,0.0
Cenoura crua,0.0,0.0,0.0,0.05,28.0,0.2,3,0.05,0.2,0.0,0.0,0.0,0.05,0.0,5.1,110,90.1,34,143,1.3,0.2,0,7.7,3.2,0.9,23,11,0.0
Chicória crua,0.0,0.0,0.0,0.13,13.0,0.5,14,0.04,0.1,0.0,0.03,0.1,0.0,0.68,6.5,111,95.1,14,58,1.1,0.1,0,2.9,2.2,0.8,45,14,0.0
Chuchu cozido,0.0,0.0,0.0,0.07,13.0,0.1,2,0.0,0.1,0.0,0.03,0.0,0.0,0.0,5.6,112,94.6,19,78,0.4,0,0,4.8,1.0,0.2,8,7,0.0
Chuchu cru,0.0,0.0,0.0,0.08,18.0,0.2,0,0.03,0.1,0.0,0.0,0.0,0.0,0.0,10.6,113,94.8,17,71,0.7,0.1,0,4.1,1.3,0.3,12,7,0.0
Coentro folhas desidratadas,0.0,0.0,0.0,10.48,388.0,81.4,18,4.09,4.7,0.0,0.1,0.11,0.09,0.0,40.8,114,10.6,309,1293,20.9,10.4,0,48.0,37.3,10.2,784,393,0.0
Couve manteiga crua,0.1,0.0,0.1,1.02,49.0,0.5,6,0.06,0.4,0.0,0.2,0.31,0.06,2.29,96.7,115,90.9,27,113,2.9,0.5,0,4.3,3.1,1.3,131,35,0.0
Couve manteiga refogada,1.0,1.6,3.6,0.12,33.0,0.5,11,0.02,0.2,0.0,0.0,0.05,0.07,0.0,76.9,116,81.5,90,378,1.7,6.6,0,8.7,5.7,1.5,177,26,0.0
Couve-flor crua,0.0,0.0,0.0,0.16,57.0,0.5,3,0.03,0.3,0.0,0.03,0.09,0.1,0.0,36.1,117,92.8,23,94,1.9,0.2,0,4.5,2.4,0.6,18,12,0.0
Couve-flor cozida,0.1,0.0,0.1,0.1,25.0,0.1,2,0.0,0.3,0.0,0.04,0.0,0.0,0.0,23.7,118,94.3,19,80,1.2,0.3,0,3.9,2.1,0.3,16,5,0.0
Espinafre Nova Zelândia cru,0.0,0.0,0.0,0.71,25.0,0.4,17,0.06,0.3,0.0,0.1,0.21,0.06,0.0,2.4,119,94.0,16,67,2.0,0.2,0,2.6,2.1,1.2,98,82,0.0
Espinafre Nova Zelândia refogado,0.9,1.3,2.9,0.61,34.0,0.6,47,0.04,0.6,0.0,0.08,0.13,0.13,0.0,5.3,120,86.6,67,281,2.7,5.4,0,4.2,2.5,1.0,112,123,0.0
Farinha de mandioca crua,0.1,0.1,0.0,0.0,42.0,1.1,1,0.08,0.4,0.0,0.14,0.0,0.04,0.0,0.0,121,9.4,361,1510,1.6,0.3,0,87.9,6.4,0.9,65,37,0.0
Farinha de mandioca torrada,0.1,0.1,0.0,0.37,39.0,1.2,10,0.0,0.4,0.0,0.0,0.0,0.81,0.0,0.0,122,8.3,365,1528,1.2,0.3,0,89.2,6.5,1.0,76,40,0.0
Farinha de puba,0.2,0.2,0.0,0.16,33.0,1.4,4,0.07,0.3,0.0,0.09,0.0,0.0,0.0,0.0,123,9.8,360,1507,1.6,0.5,0,87.3,4.2,0.8,41,27,0.0
Fécula de mandioca,0.0,0.0,0.0,0.0,60.0,0.1,2,0.0,0.0,0.0,0.03,0.0,0.0,0.0,0.0,124,17.8,331,1384,0.5,0.3,0,81.1,0.6,0.3,12,3,0.0
Feijão broto cru,0.0,0.0,0.0,0.19,75.0,0.8,2,0.17,0.6,0.0,0.0,0.04,0.15,0.0,12.0,125,87.5,39,162,4.2,0.1,0,7.8,2.0,0.5,14,25,0.0
Inhame cru,0.1,0.0,0.1,0.15,65.0,0.4,0,0.17,0.3,0.0,0.08,0.0,0.11,0.0,5.6,126,73.3,97,405,2.1,0.2,0,23.2,1.7,1.2,12,29,0.0
Jiló cru,0.1,0.1,0.2,0.14,29.0,0.3,0,0.07,0.1,0.0,0.07,0.04,0.0,0.0,6.8,127,91.6,27,114,1.4,0.2,0,6.2,4.8,0.6,20,21,0.0
Jurubeba crua,0.5,0.5,2.1,0.52,155.0,0.9,1,1.16,0.6,0.0,0.13,0.02,0.2,0.0,13.8,128,66.6,126,526,4.4,3.9,0,23.1,23.9,2.0,151,65,0.0
Mandioca cozida,0.1,0.1,0.1,0.06,22.0,0.1,1,0.01,0.2,0.0,0.06,0.0,0.03,0.0,11.1,129,68.7,125,524,0.6,0.3,0,30.1,1.6,0.4,19,27,0.0
Mandioca crua,0.1,0.1,0.0,0.05,29.0,0.3,2,0.07,0.2,0.0,0.0,0.0,0.04,0.0,16.5,130,61.8,151,634,1.1,0.3,0,36.2,1.9,0.6,15,44,0.0
Mandioca farofa temperada,1.9,2.4,2.5,0.29,45.0,1.4,575,0.0,0.2,0.0,0.1,0.0,0.15,0.0,0.0,131,6.4,406,1697,2.1,9.1,0,80.3,7.8,2.1,66,34,0.0
Mandioca frita,1.7,2.8,6.2,0.18,57.0,0.3,9,0.12,0.4,0.0,0.05,0.0,0.04,0.0,0.0,132,36.6,300,1255,1.4,11.2,0,50.3,1.9,0.6,23,95,0.0
Manjericão cru,0.1,0.0,0.3,0.17,40.0,1.0,4,0.16,0.5,0.0,0.06,0.21,0.06,0.9,2.3,133,93.0,21,88,2.0,0.4,0,3.6,3.3,1.0,211,58,0.0
Maxixe cru,0.0,0.0,0.0,0.07,25.0,0.4,11,0.02,0.2,0.0,0.06,0.02,0.04,0.0,9.6,134,95.1,14,58,1.4,0.1,0,2.7,2.2,0.7,21,10,0.0
Mostarda folha crua,0.0,0.0,0.0,0.14,58.0,1.1,3,0.05,0.3,0.0,0.05,0.04,0.05,0.0,38.6,135,93.4,18,76,2.1,0.2,0,3.2,1.9,1.1,68,16,0.0
Nhoque batata cozido,0.6,0.5,0.8,0.3,68.0,1.6,7,0.1,0.5,15.0,0.08,0.0,0.04,0.0,0.0,136,55.0,181,756,5.9,1.9,15,36.8,1.8,0.5,11,18,0.0
Nabo cru,0.0,0.0,0.0,4.42,17.0,0.2,2,0.02,0.2,0.0,0.07,0.0,0.03,0.0,9.6,137,93.8,18,76,1.2,0.1,0,4.1,2.6,0.8,42,15,0.0
Palmito juçara em conserva,0.0,0.0,0.0,10.82,40.0,0.3,514,0.23,0.7,0.0,0.06,0.04,0.0,0.0,2.0,138,91.4,23,97,1.8,0.4,0,4.3,3.2,2.1,58,34,0.0
Palmito pupunha em conserva,0.0,0.0,0.0,0.14,55.0,0.2,563,0.08,0.4,0.0,0.03,0.0,0.0,0.0,8.7,139,89.4,29,123,2.5,0.5,0,5.5,2.6,2.1,32,25,0.0
Pão de queijo assado,0.0,0.0,0.0,0.03,94.0,0.3,773,0.01,0.6,61.0,0.04,0.1,0.04,0.0,0.0,140,33.7,363,1519,5.1,24.6,68,34.2,0.6,2.3,102,8,0.0
Pão de queijo cru,3.4,3.0,4.1,0.0,79.0,0.3,405,0.0,0.4,48.0,0.0,0.08,0.0,0.0,0.0,141,41.8,295,1232,3.6,14.0,63,38.5,1.0,2.0,88,7,0.0
Pepino cru,0.0,0.0,0.0,0.08,12.0,0.1,0,0.04,0.1,0.0,0.0,0.03,0.0,0.0,5.0,142,96.8,10,40,0.9,0,0,2.0,1.1,0.3,10,9,0.0
Pimentão amarelo cru,0.0,0.0,0.0,0.08,22.0,0.4,0,0.04,0.2,0.0,0.04,0.03,0.06,0.0,201.4,143,91.9,28,117,1.2,0.4,0,6.0,1.9,0.5,10,11,0.0
Pimentão verde cru,0.0,0.0,0.0,0.14,17.0,0.4,0,0.07,0.1,0.0,0.0,0.0,0.0,0.0,100.2,144,93.5,21,89,1.1,0.2,0,4.9,2.6,0.4,9,8,0.0
Pimentão vermelho cru,0.0,0.0,0.0,0.06,20.0,0.3,0,0.04,0.2,0.0,0.05,0.06,0.02,0.0,158.2,145,92.9,23,97,1.0,0.1,0,5.5,1.6,0.4,6,11,0.0
Polvilho doce,0.0,0.0,0.0,0.09,8.0,0.5,2,0.0,0.0,0.0,0.0,0.0,0.0,0.0,0.0,146,12.6,351,1470,0.4,0,0,86.8,0.2,0.2,27,4,0.0
Quiabo cru,0.0,0.0,0.0,0.46,56.0,0.4,1,0.17,0.6,0.0,0.1,0.0,0.03,0.0,5.6,147,90.6,30,125,1.9,0.3,0,6.4,4.6,0.8,112,50,0.0
Rabanete cru,0.0,0.0,0.0,0.07,25.0,0.4,11,0.02,0.2,0.0,0.06,0.02,0.04,0.0,9.6,148,95.1,14,57,1.4,0.1,0,2.7,2.2,0.7,21,10,0.0
Repolho branco cru,0.0,0.0,0.0,0.13,14.0,0.2,4,0.02,0.2,0.0,0.0,0.03,0.06,0.0,18.7,149,94.7,17,72,0.9,0.1,0,3.9,1.9,0.4,35,9,0.0
Repolho roxo cru,0.0,0.0,0.0,0.25,58.0,0.5,2,0.9,0.3,0.0,0.07,0.0,0.09,0.0,43.2,150,90.1,31,129,1.9,0.1,0,7.2,2.0,0.7,44,18,0.0
Repolho roxo refogado,0.2,0.3,0.7,0.26,59.0,0.5,3,0.02,0.3,0.0,0.07,0.0,0.07,0.63,40.5,151,88.7,42,175,1.8,1.2,0,7.6,1.8,0.7,43,17,0.0
Rúcula crua,0.0,0.0,0.0,0.24,25.0,0.9,9,0.04,0.2,0.0,0.04,0.0,0.0,0.35,46.3,152,94.8,13,55,1.8,0.1,0,2.2,1.7,1.1,117,18,0.0
Salsa crua,0.1,0.0,0.2,1.88,49.0,3.2,2,0.2,1.3,0.0,0.12,0.15,0.47,0.72,51.7,153,88.7,33,140,3.3,0.6,0,5.7,1.9,1.8,179,21,0.0
Seleta de legumes enlatada,0.1,0.2,0.2,0.13,49.0,1.1,398,0.08,0.5,0.0,0.03,0.0,0.0,3.72,0.0,154,82.1,57,237,3.4,0.4,0,12.7,3.1,1.4,16,16,0.0
Serralha crua,0.1,0.1,0.3,0.23,48.0,1.3,19,0.2,1.3,0.0,0.0,0.11,0.08,0.0,1.5,155,90.2,30,127,2.7,0.7,0,4.9,3.5,1.4,126,30,0.0
Taioba crua,0.2,0.1,0.4,0.66,53.0,1.9,1,0.16,0.6,0.0,0.0,0.1,0.1,0.0,17.9,156,89.2,34,143,2.9,0.9,0,5.4,4.5,1.5,141,38,0.0
Tomate com semente cru,0.0,0.0,0.0,0.07,20.0,0.2,1,0.04,0.1,0.0,0.12,0.0,0.02,0.0,21.2,157,95.1,15,64,1.1,0.2,0,3.1,1.2,0.5,7,11,0.0
Tomate extrato,0.0,0.0,0.0,0.18,47.0,2.1,498,0.2,0.4,0.0,0.0,0.0,0.11,2.42,18.0,158,79.7,61,255,2.4,0.2,0,15.0,2.8,2.8,29,29,0.0
Tomate molho industrializado,0.1,0.1,0.2,0.08,27.0,1.6,418,0.08,0.1,0.0,0.0,0.0,0.06,0.0,2.7,159,88.1,38,161,1.4,0.9,0,7.7,3.1,1.9,12,17,0.0
Tomate purê,0.0,0.0,0.0,0.0,30.0,1.3,104,0.09,0.3,0.0,0.0,0.0,0.07,1.18,5.4,160,90.8,28,117,1.4,0,0,6.9,1.0,1.0,13,15,0.0
Tomate salada,0.0,0.0,0.0,0.04,23.0,0.3,5,0.07,0.2,0.0,0.06,0.04,0.05,0.0,12.8,161,93.6,21,86,0.8,0,0,5.1,2.3,0.4,7,10,0.0
Vagem crua,0.0,0.0,0.0,0.5,28.0,0.4,0,0.06,0.3,0.0,0.0,0.08,0.0,0.0,1.2,162,92.2,25,104,1.8,0.2,0,5.3,2.4,0.5,41,18,0.0
Abacate cru,2.3,4.3,1.4,0.17,22.0,0.2,0,0.15,0.2,0.0,0.0,0.04,0.0,0.0,8.7,163,83.8,96,402,1.2,8.4,0,6.0,6.3,0.5,8,15,0.0
Abacaxi cru,0.0,0.0,0.0,1.62,13.0,0.3,0,0.11,0.1,0.0,0.17,0.02,0.0,0.0,34.6,164,86.3,48,202,0.9,0.1,0,12.3,1.0,0.4,22,18,0.0
Abacaxi polpa congelada,0.0,0.0,0.0,1.02,8.0,0.4,1,0.04,0.1,0.0,0.05,0.0,0.0,0.0,1.2,165,91.3,31,128,0.5,0.1,0,7.8,0.3,0.3,14,10,0.0
Abiu cru,0.3,0.1,0.1,0.08,20.0,0.2,0,0.09,0.1,0.0,0.0,0.04,0.05,0.0,10.3,166,83.1,62,261,0.8,0.7,0,14.9,1.7,0.4,6,9,0.0
Açaí polpa com xarope de guaraná e glucose,0.7,1.9,0.3,3.29,11.0,0.3,15,0.14,0.2,0.0,0.0,0.0,0.07,0.0,10.3,167,73.9,110,461,0.7,3.7,0,21.5,1.7,0.3,22,13,0.0
Açaí polpa congelada,0.7,2.0,0.4,6.16,16.0,0.4,5,0.18,0.3,0.0,0.0,0.04,0.07,0.0,0.0,168,88.7,58,243,0.8,3.9,0,6.2,2.6,0.3,35,17,0.0
Acerola crua,0.0,0.0,0.0,0.07,9.0,0.2,0,0.07,0.1,0.0,0.0,0.04,0.0,1.38,941.4,169,90.5,33,140,0.9,0.2,0,8.0,1.5,0.4,13,13,0.0
Acerola polpa congelada,0.0,0.0,0.0,0.03,13.0,0.2,1,0.04,0.1,0.0,0.0,0.1,0.0,0.0,623.2,170,93.6,22,92,0.6,0,0,5.5,0.7,0.3,8,9,0.0
Ameixa calda enlatada,0.0,0.0,0.0,0.1,21.0,2.2,3,0.03,0.1,0.0,0.0,0.23,0.37,0.0,4.3,171,52.2,183,765,0.4,0,0,46.9,0.5,0.5,13,10,0.0
Ameixa crua,0.0,0.0,0.0,0.03,14.0,0.1,0,0.06,0.1,0.0,0.07,0.0,0.03,0.0,7.6,172,84.8,53,220,0.8,0,0,13.9,2.4,0.6,6,5,0.0
Ameixa em calda enlatada drenada,0.1,0.0,0.1,0.2,26.0,2.7,3,0.16,0.2,0.0,0.0,0.22,0.08,0.0,5.2,173,50.3,177,742,1.0,0.3,0,47.7,4.5,0.7,39,14,0.0
Atemóia crua,0.1,0.0,0.1,0.16,23.0,0.2,1,0.17,0.2,0.0,0.09,0.07,0.07,1.58,10.1,174,72.7,97,406,1.0,0.3,0,25.3,2.1,0.7,23,25,0.0
Banana da terra crua,0.0,0.0,0.0,0.16,26.0,0.3,0,0.05,0.2,0.0,0.03,0.02,0.14,0.0,15.7,175,63.9,128,536,1.4,0.2,0,33.7,1.5,0.8,4,24,0.0
Banana doce em barra,0.0,0.0,0.0,0.84,37.0,0.6,10,0.16,0.3,0.0,0.03,0.0,0.06,1.41,0.0,176,21.1,280,1172,2.2,0.1,0,75.7,3.8,1.0,12,49,0.0
Banana figo crua,0.0,0.0,0.0,0.21,16.0,0.2,0,0.06,0.1,0.0,0.09,0.0,0.03,0.0,17.5,177,70.1,105,440,1.1,0.1,0,27.8,2.8,0.8,6,30,0.0
Banana maçã crua,0.0,0.0,0.0,0.6,29.0,0.2,0,0.11,0.1,0.0,0.0,0.0,0.14,0.0,10.5,178,75.2,87,363,1.8,0.1,0,22.3,2.6,0.6,3,24,0.0
Banana nanica crua,0.0,0.0,0.0,0.14,27.0,0.3,0,0.1,0.2,0.0,0.0,0.02,0.14,0.0,5.9,179,73.8,92,383,1.4,0.1,0,23.8,1.9,0.8,3,28,0.0
Banana ouro crua,0.0,0.0,0.0,0.09,22.0,0.3,0,0.08,0.3,0.0,0.0,0.0,0.14,0.0,7.6,180,68.2,112,470,1.5,0.2,0,29.3,2.0,0.8,3,28,0.0
Banana pacova crua,0.0,0.0,0.0,0.41,20.0,0.4,1,0.06,0.1,0.0,0.05,0.03,0.17,0.0,0.0,181,77.7,78,326,1.2,0.1,0,20.3,2.0,0.7,5,30,0.0
Banana prata crua,0.0,0.0,0.0,0.42,22.0,0.4,0,0.05,0.1,0.0,0.0,0.02,0.1,0.0,21.6,182,71.9,98,411,1.3,0.1,0,26.0,2.0,0.8,8,26,0.0
Cacau cru,0.0,0.0,0.0,0.04,9.0,0.3,1,0.15,0.6,0.0,0.25,0.0,0.04,0.0,13.6,183,79.2,74,311,1.0,0.1,0,19.4,2.2,0.3,12,25,0.0
Cajá-Manga cru,0.0,0.0,0.0,0.05,24.0,0.2,1,0.02,0.2,0.0,0.11,0.0,0.05,0.0,26.7,184,86.9,46,191,1.3,0,0,11.4,2.6,0.4,13,11,0.0
Cajá polpa congelada,0.0,0.0,0.0,0.07,26.0,0.3,7,0.1,0.1,0.0,0.04,0.0,0.0,0.0,0.0,185,92.4,26,110,0.6,0.2,0,6.4,1.4,0.4,9,7,0.0
Caju cru,0.0,0.0,0.0,0.12,16.0,0.2,3,0.07,0.1,0.0,0.0,0.0,0.0,0.0,219.3,186,88.1,43,180,1.0,0.3,0,10.3,1.7,0.3,1,10,0.0
Caju polpa congelada,0.0,0.0,0.0,0.05,10.0,0.1,4,0.07,0.1,0.0,0.0,0.02,0.0,2.25,119.7,187,89.8,37,153,0.5,0.2,0,9.4,0.8,0.2,1,7,0.0
Caju suco concentrado envasado,0.0,0.0,0.0,0.06,11.0,0.1,45,0.04,0.1,0.0,0.0,0.03,0.0,0.0,138.7,188,88.4,45,189,0.4,0.2,0,10.7,0.6,0.3,1,8,0.0
Caqui chocolate cru,0.0,0.0,0.0,0.39,18.0,0.1,2,0.0,0.2,0.0,0.0,0.0,0.03,0.0,29.6,189,79.7,71,299,0.4,0.1,0,19.3,6.5,0.5,18,9,0.0
Carambola crua,0.0,0.0,0.0,0.13,11.0,0.2,4,0.08,0.2,0.0,0.12,0.0,0.0,0.0,60.9,190,87.1,46,191,0.9,0.2,0,11.5,2.0,0.4,5,7,0.0
Ciriguela crua,0.2,0.0,0.1,0.06,49.0,0.4,2,0.12,0.5,0.0,0.14,0.0,0.0,0.0,27.0,191,78.7,76,316,1.4,0.4,0,18.9,3.9,0.7,27,18,0.0
Cupuaçu cru,0.4,0.2,0.1,0.07,21.0,0.5,3,0.07,0.3,0.0,0.37,0.04,0.07,4.34,24.5,192,86.2,49,207,1.2,1.0,0,10.4,3.1,1.2,13,18,0.0
Cupuaçu polpa congelada,0.3,0.1,0.0,0.17,14.0,0.3,1,0.14,0.2,0.0,0.07,0.07,0.05,0.0,10.5,193,86.6,49,204,0.8,0.6,0,11.4,1.6,0.6,5,14,0.0
Figo cru,0.0,0.0,0.0,0.06,15.0,0.2,0,0.13,0.1,0.0,0.05,0.0,0.0,0.0,0.8,194,88.2,41,173,1.0,0.2,0,10.2,1.8,0.4,27,11,0.0
Figo enlatado em calda,0.0,0.0,0.0,0.16,6.0,0.5,7,0.25,0.1,0.0,0.0,0.0,0.0,0.0,5.2,195,48.8,184,771,0.6,0.2,0,50.3,2.0,0.2,33,7,0.0
Fruta-pão crua,0.1,0.0,0.0,0.04,27.0,0.2,1,0.07,0.1,0.0,0.03,0.0,0.0,0.0,9.9,196,80.9,67,281,1.1,0.2,0,17.2,5.5,0.7,34,24,0.0
Goiaba branca com casca crua,0.1,0.0,0.2,0.07,16.0,0.2,0,0.04,0.2,0.0,0.0,0.0,0.03,0.0,99.2,197,85.7,52,216,0.9,0.5,0,12.4,6.3,0.5,5,7,0.0
Goiaba doce em pasta,0.0,0.0,0.0,0.11,54.0,0.4,4,0.06,0.1,0.0,0.07,0.0,0.0,0.0,23.1,198,24.8,269,1125,0.6,0.0,0,74.1,3.7,0.5,10,6,0.0
Goiaba doce cascão,0.0,0.0,0.0,0.16,28.0,0.4,11,0.08,0.1,0.0,0.0,0.0,0.0,1.41,34.3,199,20.3,286,1195,0.4,0.1,0,78.7,4.4,0.5,15,10,0.0
Goiaba vermelha com casca crua,0.1,0.0,0.3,0.09,15.0,0.2,0,0.04,0.1,0.0,0.0,0.0,0.03,0.0,80.6,200,85.0,54,227,1.1,0.4,0,13.0,6.2,0.5,4,7,0.0
Graviola crua,0.0,0.1,0.0,0.08,19.0,0.2,4,0.04,0.1,0.0,0.17,0.12,0.03,0.0,19.1,201,82.2,62,258,0.8,0.2,0,15.8,1.9,1.0,40,23,0.0
Graviola polpa congelada,0.0,0.0,0.0,0.06,17.0,0.1,3,0.06,0.1,0.0,0.0,0.09,0.0,0.0,10.5,202,89.2,38,160,0.6,0.1,0,9.8,1.2,0.4,6,10,0.0
Jabuticaba crua,0.0,0.0,0.0,0.3,15.0,0.1,0,0.07,0.3,0.0,0.06,0.0,0.0,0.0,16.2,203,83.6,58,243,0.6,0.1,0,15.3,2.3,0.4,8,18,0.0
Jaca crua,0.1,0.1,0.0,0.48,14.0,0.4,2,0.09,0.2,0.0,0.1,0.04,0.05,0.0,14.8,204,75.1,88,368,1.4,0.3,0,22.5,2.4,0.8,11,40,0.0
Jambo cru,0.0,0.0,0.0,0.05,18.0,0.1,22,0.02,0.1,0.0,0.08,0.0,0.0,1.18,3.8,205,92.1,27,113,0.9,0.1,0,6.5,5.1,0.5,14,14,0.0
Jamelão cru,0.0,0.0,0.0,0.0,4.0,0.0,1,0.03,0.0,0.0,0.17,0.0,0.12,0.0,27.1,206,87.7,41,172,0.5,0.1,0,10.6,1.8,1.0,3,2,0.0
Kiwi cru,0.1,0.1,0.3,0.05,33.0,0.3,0,0.15,0.1,0.0,0.0,0.0,0.06,0.0,70.8,207,85.9,51,214,1.3,0.6,0,11.5,2.7,0.7,24,11,0.0
Laranja baía crua,0.0,0.0,0.0,0.04,24.0,0.1,0,0.04,0.1,0.0,0.06,0.02,0.0,0.0,56.9,208,87.1,45,190,1.0,0.1,0,11.5,1.1,0.4,35,9,0.0
Laranja baía suco,0.0,0.0,0.0,0.02,22.0,0.1,0,0.02,0.0,0.0,0.03,0.0,0.02,0.0,94.5,209,90.2,37,153,0.7,0,0,8.7,0,0.4,6,8,0.0
Laranja da terra crua,0.0,0.0,0.0,0.04,20.0,0.1,1,0.04,0.2,0.0,0.07,0.09,0.03,0.0,34.7,210,85.4,51,215,1.1,0.2,0,12.9,4.0,0.5,51,14,0.0
Laranja da terra suco,0.0,0.0,0.0,0.02,15.0,0.1,0,0.02,0.1,0.0,0.04,0.0,0.04,0.0,44.3,211,89.2,41,171,0.7,0.1,0,9.6,1.0,0.4,13,10,0.0
Laranja lima crua,0.0,0.0,0.0,0.05,15.0,0.1,1,0.03,0.1,0.0,0.09,0.05,0.04,0.0,43.5,212,87.0,46,191,1.1,0.1,0,11.5,1.8,0.4,31,10,0.0
Laranja lima suco,0.0,0.0,0.0,0.02,16.0,0.0,0,0.02,0.0,0.0,0.1,0.03,0.04,0.0,41.3,213,89.7,39,165,0.7,0.1,0,9.2,0.4,0.3,8,11,0.0
Laranja pêra crua,0.0,0.0,0.0,0.05,23.0,0.1,0,0.03,0.1,0.0,0.07,0.02,0.02,0.0,53.7,214,89.6,37,154,1.0,0.1,0,8.9,0.8,0.3,22,9,0.0
Laranja pêra suco,0.0,0.0,0.0,0.03,14.0,0.0,0,0.01,0.0,0.0,0.0,0.0,0.0,0.0,73.3,215,91.3,33,137,0.7,0.1,0,7.6,0,0.3,7,8,0.0
Laranja valência crua,0.0,0.0,0.0,0.06,20.0,0.1,1,0.04,0.1,0.0,0.07,0.04,0.03,0.0,47.8,216,86.9,46,193,0.8,0.2,0,11.7,1.7,0.4,34,14,0.0
Laranja valência suco,0.0,0.0,0.0,0.03,17.0,0.0,0,0.02,0.0,0.0,0.0,0.0,0.03,0.0,0.0,217,90.5,36,151,0.5,0.1,0,8.6,0.4,0.3,9,10,0.0
Limão cravo suco,0.0,0.0,0.0,0.03,11.0,0.1,0,0.03,0.0,0.0,0.0,0.0,0.0,0.0,32.8,218,94.2,14,59,0.3,0,0,5.2,0,0.2,10,9,0.0
Limão galego suco,0.0,0.0,0.0,0.01,13.0,0.1,0,0.02,0.1,0.0,0.0,0.0,0.03,0.0,34.5,219,91.8,22,93,0.6,0.1,0,7.3,0,0.3,5,6,0.0
Limão tahiti cru,0.0,0.0,0.0,0.07,24.0,0.2,1,0.06,0.2,0.0,0.3,0.04,0.0,0.0,38.2,220,87.4,32,133,0.9,0.1,0,11.1,1.2,0.4,51,10,0.0
Maçã Argentina com casca crua,0.1,0.0,0.0,0.01,11.0,0.1,1,0.03,0.0,0.0,0.05,0.0,0.0,0.0,1.5,221,82.6,63,262,0.2,0.2,0,16.6,2.0,0.3,3,5,0.0
Maçã Fuji com casca crua,0.0,0.0,0.0,0.03,9.0,0.1,0,0.06,0.0,0.0,0.0,0.0,0.03,0.0,2.4,222,84.3,56,232,0.3,0,0,15.2,1.3,0.2,2,2,0.0
Macaúba crua,7.1,25.3,6.5,0.08,44.0,0.8,1,0.35,0.7,0.0,0.11,0.11,0.03,0.0,13.4,223,41.5,404,1692,2.1,40.7,0,13.9,13.4,1.8,67,66,0.0
Mamão doce em calda drenado,0.0,0.0,0.0,0.02,4.0,0.1,3,0.02,0.1,0.0,0.03,0.0,0.0,0.0,3.9,224,45.5,196,819,0.2,0.1,0,54.0,1.3,0.2,20,6,0.0
Mamão Formosa cru,0.0,0.0,0.0,0.04,11.0,0.2,3,1.36,0.1,0.0,0.03,0.03,0.0,0.0,78.5,225,86.9,45,190,0.8,0.1,0,11.6,1.8,0.6,25,17,0.0
Mamão Papaia cru,0.0,0.0,0.0,0.01,11.0,0.2,2,0.02,0.1,0.0,0.03,0.04,0.0,1.03,82.2,226,88.6,40,168,0.5,0.1,0,10.4,1.0,0.4,22,22,0.0
Mamão verde doce em calda drenado,0.0,0.0,0.0,0.04,3.0,0.2,5,0.02,0.0,0.0,0.0,0.0,0.0,0.0,0.0,227,41.9,209,876,0.3,0.1,0,57.6,1.2,0.1,12,5,0.0
Manga Haden crua,0.1,0.1,0.0,0.17,9.0,0.1,1,0.1,0.1,0.0,0.02,0.06,0.05,0.0,17.4,228,82.3,64,266,0.4,0.3,0,16.7,1.6,0.4,12,8,0.0
Manga Palmer crua,0.0,0.0,0.0,0.05,14.0,0.1,2,0.09,0.1,0.0,0.09,0.03,0.0,0.0,65.5,229,79.7,72,303,0.4,0.2,0,19.4,1.6,0.3,12,9,0.0
Manga polpa congelada,0.1,0.1,0.0,0.12,9.0,0.1,7,0.06,0.1,0.0,0.0,0.07,0.03,0.0,24.9,230,86.5,48,202,0.4,0.2,0,12.5,1.1,0.4,7,9,0.0
Manga Tommy Atkins crua,0.1,0.1,0.0,0.34,14.0,0.1,0,0.06,0.1,0.0,0.0,0.04,0.03,0.0,7.9,231,85.8,51,212,0.9,0.2,0,12.8,2.1,0.3,8,7,0.0
Maracujá cru,0.2,0.3,0.9,0.12,51.0,0.6,2,0.19,0.4,0.0,0.0,0.05,0.05,0.0,19.8,232,82.9,68,286,2.0,2.1,0,12.3,1.1,0.8,5,28,0.0
Maracujá polpa congelada,0.0,0.0,0.0,0.07,15.0,0.3,8,0.05,0.2,0.0,0.0,0.09,0.06,0.0,7.3,233,88.9,39,162,0.8,0.2,0,9.6,0.5,0.5,5,10,0.0
Maracujá suco concentrado envasado,0.0,0.0,0.0,0.07,14.0,0.3,22,0.05,0.1,0.0,0.0,0.08,0.05,1.92,13.7,234,88.9,42,176,0.8,0.2,0,9.6,0.4,0.5,4,4,0.0
Melancia crua,0.0,0.0,0.0,0.14,12.0,0.2,0,0.04,0.1,0.0,0.0,0.0,0.0,0.0,6.1,235,90.7,33,136,0.9,0,0,8.1,0.1,0.3,8,10,0.0
Melão cru,0.0,0.0,0.0,0.05,10.0,0.2,11,0.04,0.1,0.0,0.0,0.0,0.02,0.0,8.7,236,91.3,29,123,0.7,0,0,7.5,0.3,0.5,3,6,0.0
Mexerica Murcote crua,0.0,0.0,0.0,0.05,19.0,0.1,1,0.06,0.1,0.0,0.08,0.07,0.05,0.0,21.8,237,83.7,58,241,0.9,0.1,0,14.9,3.1,0.5,33,12,0.0
Mexerica Rio crua,0.0,0.0,0.0,0.05,14.0,0.1,2,0.07,0.2,0.0,0.03,0.0,0.0,0.0,112.0,238,89.6,37,154,0.7,0.1,0,9.3,2.7,0.3,17,8,0.0
Morango cru,0.0,0.0,0.0,0.33,22.0,0.3,0,0.06,0.2,0.0,0.0,0.03,0.03,0.0,63.6,239,91.5,30,126,0.9,0.3,0,6.8,1.7,0.5,11,10,0.0
Nêspera crua,0.0,0.0,0.0,0.07,10.0,0.1,0,0.12,0.1,0.0,0.0,0.0,0.0,0.0,3.2,240,87.8,43,178,0.3,0,0,11.5,3.0,0.4,20,10,0.0
Pequi cru,0.0,0.0,0.0,0.64,34.0,0.3,0,0.21,1.0,0.0,0.17,0.48,0.06,2.57,8.3,241,65.9,205,858,2.3,18.0,0,13.0,19.0,0.8,32,30,0.0
Pêra Park crua,0.1,0.0,0.1,0.04,12.0,0.3,1,0.08,0.1,0.0,0.06,0.0,0.0,0.0,2.4,242,83.2,61,254,0.2,0.2,0,16.1,3.0,0.3,9,6,0.0
Pêra Williams crua,0.0,0.0,0.0,0.04,12.0,0.1,0,0.07,0.1,0.0,0.0,0.0,0.0,0.0,2.8,243,85.0,53,223,0.6,0.1,0,14.0,3.0,0.3,8,6,0.0
Pêssego Aurora cru,0.0,0.0,0.0,0.05,15.0,0.2,0,0.02,0.1,0.0,0.05,0.0,0.0,0.0,3.3,244,89.3,36,152,0.8,0,0,9.3,1.4,0.5,3,4,0.0
Pêssego enlatado em calda,0.0,0.0,0.0,0.03,9.0,0.6,3,0.04,0.1,0.0,0.0,0.0,0.0,0.0,0.0,245,82.2,63,264,0.7,0,0,16.9,1.0,0.2,4,4,0.0
Pinha crua,0.1,0.0,0.1,0.15,34.0,0.2,1,0.11,0.2,0.0,0.12,0.04,0.09,0.0,35.9,246,75.0,88,370,1.5,0.3,0,22.4,3.4,0.7,21,31,0.0
Pitanga crua,0.0,0.0,0.0,0.36,13.0,0.4,2,0.08,0.4,0.0,0.03,0.1,0.0,0.0,24.9,247,88.3,41,173,0.9,0.2,0,10.2,3.2,0.4,18,12,0.0
Pitanga polpa congelada,0.0,0.0,0.0,0.05,12.0,0.4,5,0.06,0.1,0.0,0.0,0.0,0.0,0.0,0.0,248,94.6,19,80,0.3,0.1,0,4.8,0.7,0.3,8,6,0.0
Romã crua,0.0,0.0,0.0,0.13,40.0,0.3,1,0.19,0.7,0.0,0.12,0.17,0.05,0.0,8.1,249,84.0,56,233,0.4,0,0,15.1,0.4,0.5,5,13,0.0
Tamarindo cru,0.1,0.2,0.0,0.34,55.0,0.6,0,0.29,0.7,0.0,0.31,0.0,0.1,0.0,7.2,250,22.0,276,1154,3.2,0.5,0,72.5,6.4,1.9,37,59,0.0
Tangerina Poncã crua,0.0,0.0,0.0,0.04,12.0,0.1,0,0.03,0.0,0.0,0.06,0.02,0.02,0.0,48.8,251,89.2,38,158,0.8,0.1,0,9.6,0.9,0.3,13,8,0.0
Tangerina Poncã suco,0.0,0.0,0.0,0.02,9.0,0.0,0,0.02,0.0,0.0,0.06,0.0,0.03,0.0,41.8,252,90.4,36,151,0.5,0,0,8.8,0,0.3,4,6,0.0
Tucumã cru,4.7,9.7,0.9,0.55,53.0,0.6,4,0.39,0.9,0.0,0.04,0.0,0.11,0.0,18.0,253,51.3,262,1096,2.1,19.1,0,26.5,12.7,1.1,46,121,0.0
Umbu cru,0.0,0.0,0.0,0.03,13.0,0.1,0,0.04,0.4,0.0,0.05,0.06,0.03,0.0,24.1,254,89.3,37,155,0.8,0,0,9.4,2.0,0.5,12,11,0.0
Umbu polpa congelada,0.0,0.0,0.0,0.05,13.0,0.2,6,0.04,0.1,0.0,0.0,0.06,0.0,0.0,4.0,255,90.2,34,142,0.5,0.1,0,8.8,1.3,0.4,11,8,0.0
Uva Itália crua,0.0,0.0,0.0,0.13,12.0,0.1,0,0.11,0.0,0.0,0.0,0.0,0.03,0.0,3.3,256,85.0,53,221,0.7,0.2,0,13.6,0.9,0.6,7,5,0.0
Uva Rubi crua,0.0,0.0,0.0,0.07,23.0,0.2,8,0.05,0.0,0.0,0.02,0.02,0.0,0.0,1.9,257,86.1,49,205,0.6,0.2,0,12.7,0.9,0.5,8,6,0.0
Uva suco concentrado envasado,0.0,0.0,0.0,0.2,10.0,0.1,10,0.13,0.1,0.0,0.07,0.02,0.05,0.0,21.0,258,85.1,58,241,0,0,0,14.7,0.2,0.2,9,7,0.0
Azeite de dendê,43.1,40.1,16.6,0.0,0.0,0.0,0,0.0,0.0,0.0,0.0,0.0,0.0,0.0,0.0,259,0,884,3699,0,100.0,0,0,0,0,0,0,0.0
Azeite de oliva extra virgem,14.9,75.5,9.5,0.0,0.0,0.0,0,0.0,0.0,0.0,0.0,0.0,0.0,0.0,0.0,260,0,884,3699,0,100.0,0,0,0,0,0,0,0.0
Manteiga com sal,49.2,20.4,1.2,0.0,28.0,0.2,579,0.0,0.0,924.0,0.0,0.0,0.0,0.0,0.0,261,15.8,726,3037,0.4,82.4,201,0.1,0,1.4,9,1,0.0
Manteiga sem sal,51.5,21.9,1.5,0.0,7.0,0.0,4,0.04,0.0,1013.0,0.0,0.0,0.0,0.0,0.0,262,13.6,758,3170,0.4,86.0,214,0.0,0,0.1,4,1,0.0
Margarina com óleo hidrogenado com sal (65% de lipídeos),14.9,18.2,21.4,0.0,7.0,0.1,894,0.0,0.0,462.0,0.0,0.0,0.0,0.0,0.0,263,32.2,596,2494,0,67.4,0,0.0,0,1.9,6,1,0.0
Margarina com óleo hidrogenado sem sal (80% de lipídeos),0.0,0.0,0.0,0.0,4.0,0.1,78,0.0,0.0,534.0,0.0,0.0,0.0,0.0,0.0,264,19.6,723,3023,0,81.7,0,0.0,0,0.2,3,1,0.0
Margarina com óleo interesterificado com sal (65%de lipídeos),21.9,15.0,27.6,0.0,6.0,0.0,561,0.0,0.0,385.0,0.0,0.0,0.0,0.0,0.0,265,32.0,594,2487,0,67.2,0,0.0,0,1.2,5,1,0.0
Margarina com óleo interesterificado sem sal (65% de lipídeos),20.9,14.4,26.5,0.0,7.0,0.1,33,0.0,0.0,245.0,0.0,0.0,0.0,0.0,0.0,266,33.4,593,2482,0,67.1,0,0.0,0,0.1,5,1,0.0
Óleo de babaçu,50.9,18.6,30.2,0.0,0.0,0.0,0,0.0,0.0,0.0,0.0,0.0,0.0,0.0,0.0,267,0,884,3699,0,100.0,0,0,0,0,0,0,0.0
Óleo de canola,7.9,62.6,28.4,0.0,0.0,0.0,0,0.0,0.0,0.0,0.0,0.0,0.0,0.0,0.0,268,0,884,3699,0,100.0,0,0,0,0,0,0,0.0
Óleo de girassol,10.8,25.4,62.6,0.0,0.0,0.0,0,0.0,0.0,0.0,0.0,0.0,0.0,0.0,0.0,269,0,884,3699,0,100.0,0,0,0,0,0,0,0.0
Óleo de milho,15.2,33.4,50.9,0.0,0.0,0.0,0,0.0,0.0,0.0,0.0,0.0,0.0,0.0,0.0,270,0,884,3699,0,100.0,0,0,0,0,0,0,0.0
Óleo de pequi,39.9,55.8,4.2,0.0,0.0,0.0,0,0.0,0.0,0.0,0.0,0.0,0.0,0.0,0.0,271,0,884,3699,0,100.0,0,0,0,0,0,0,0.0
Óleo de soja,15.2,23.3,60.0,0.0,0.0,0.0,0,0.0,0.0,0.0,0.0,0.0,0.0,0.0,0.0,272,0,884,3699,0,100.0,0,0,0,0,0,0,0.0
Abadejo filé congelado assado,0.6,0.3,0.1,0.0,338.0,0.5,334,0.03,0.5,0.0,0.0,0.0,0.0,0.44,0.0,273,74.3,112,467,23.5,1.2,103,0.0,0,1.6,23,20,0.0
Abadejo filé congelado.cozido,0.4,0.3,0.2,0.0,351.0,0.3,189,0.03,0.4,0.0,0.0,0.0,0.0,0.0,0.0,274,79.7,91,381,19.3,0.9,87,0.0,0,0.9,17,16,0.0
Abadejo filé congelado cru,0.1,0.0,0.1,0.01,91.0,0.1,79,0.14,0.4,0.0,0.04,0.0,0.0,4.6,0.0,275,86.4,59,247,13.1,0.4,31,0.0,0,0.6,10,14,0.0
Abadejo filé congelado grelhado,0.6,0.3,0.6,0.0,581.0,0.3,305,0.0,0.4,6.0,0.03,0.0,0.0,0.44,0.0,276,71.0,130,542,27.6,1.3,136,0.0,0,1.6,20,22,0.0
Atum conserva em óleo,1.0,1.3,3.2,0.0,211.0,1.2,362,0.04,0.6,0.0,0.15,0.03,0.0,3.17,0.0,277,64.5,166,694,26.2,6.0,53,0.0,0,1.5,7,29,0.0
Atum fresco cru,0.5,0.2,0.0,0.0,254.0,1.3,30,0.09,0.4,20.0,0.0,0.04,0.0,5.94,0.0,278,73.1,118,492,25.7,0.9,48,0.0,0,1.3,7,32,0.0
Bacalhau salgado cru,0.6,0.3,0.2,0.03,186.0,0.9,13585,0.09,0.7,0.0,0.0,0.21,0.0,0.0,0.0,279,47.9,136,569,29.0,1.3,139,0.0,0,22.5,157,49,0.0
Bacalhau salgado refogado,0.9,1.1,1.2,0.0,51.0,0.2,1256,0.04,0.6,0.0,0.03,0.05,0.0,5.17,0.0,280,65.9,140,584,24.0,3.6,112,1.2,0,5.3,59,15,0.0
Cação posta com farinha de trigo frita,1.5,2.2,5.2,0.06,462.0,1.0,160,0.0,0.6,17.0,0.0,0.0,0.0,0.77,0.0,281,60.6,208,872,25.0,10.0,75,3.1,0.5,1.4,30,26,0.0
Cação posta cozida,0.2,0.1,0.2,0.0,204.0,0.3,115,0.03,0.6,12.0,0.0,0.04,0.0,9.77,0.0,282,75.9,116,485,25.6,0.7,83,0.0,0,1.2,10,21,0.0
Cação posta crua,0.1,0.1,0.2,0.04,181.0,0.2,176,0.13,0.3,6.0,0.04,0.0,0.0,1.31,0.0,283,81.4,83,349,17.9,0.8,36,0.0,0,1.2,9,19,0.0
Camarão Rio Grande grande cozido,0.4,0.2,0.2,0.06,266.0,1.3,367,0.17,1.2,0.0,0.0,0.0,0.0,1.07,0.0,284,78.7,90,377,19.0,1.0,241,0.0,0,1.7,90,19,0.0
Camarão Rio Grande grande cru,0.1,0.1,0.2,0.04,234.0,0.7,201,0.11,0.7,20.0,0.0,0.0,0.0,0.0,0.0,285,89.1,47,197,10.0,0.5,124,0.0,0,0.8,51,27,0.0
Camarão Sete Barbas sem cabeça com casca frito,2.5,3.6,8.8,0.38,337.0,2.4,99,0.19,1.1,0.0,0.05,0.0,0.0,0.35,0.0,286,61.0,231,968,18.4,15.6,283,2.9,0,2.1,960,74,0.0
Caranguejo cozido,0.2,0.2,0.0,0.07,154.0,2.9,360,0.72,5.7,0.0,0.04,0.31,0.0,4.17,0.0,287,77.0,83,346,18.5,0.4,85,0.0,0,3.5,357,52,0.0
Corimba cru,2.5,2.3,0.3,0.02,190.0,0.5,47,0.03,0.4,0.0,0.0,0.0,0.0,1.87,0.0,288,75.6,128,536,17.4,6.0,40,0.0,0,1.0,40,23,0.0
Corimbatá assado,4.8,6.4,2.6,0.01,221.0,1.0,40,0.03,0.7,0.0,0.13,0.06,0.0,2.7,0.0,289,59.9,261,1094,19.9,19.6,80,0.0,0,1.0,22,24,0.0
Corimbatá cozido,4.5,6.5,2.3,0.02,185.0,0.6,37,0.05,1.0,0.0,0.0,0.0,0.0,2.09,0.0,290,64.6,239,999,20.1,16.9,75,0.0,0,0.8,65,23,0.0
Corvina de água doce crua,1.2,0.7,0.1,0.02,154.0,0.3,45,0.02,0.4,8.0,0.0,0.08,0.0,0.0,0.0,291,79.2,101,423,18.9,2.2,73,0.0,0,1.0,39,25,0.0
Corvina do mar crua,0.7,0.5,0.1,0.01,183.0,0.4,68,0.03,0.4,65.0,0.12,0.05,0.0,2.62,0.0,292,79.4,94,392,18.6,1.6,67,0.0,0,1.1,0,24,0.0
Corvina grande assada,1.5,1.2,0.3,0.03,176.0,0.5,85,0.02,0.7,0.0,0.11,0.1,0.0,4.23,0.0,293,69.0,147,613,26.8,3.6,117,0.0,0,1.3,60,24,0.0
Corvina grande cozida,0.7,0.6,0.6,0.02,164.0,0.6,68,0.03,0.7,6.0,0.0,0.03,0.0,0.77,0.0,294,73.6,100,419,23.4,2.6,123,0.0,0,0.9,69,22,0.0
Dourada de água doce fresca,3.0,1.4,0.4,0.01,189.0,0.2,40,0.02,0.5,0.0,0.0,0.0,0.0,3.7,0.0,295,76.2,131,549,18.8,5.6,52,0.0,0,1.1,12,26,0.0
Lambari congelado cru,2.0,2.2,1.2,0.28,696.0,0.9,48,0.09,3.3,4.0,0.05,0.0,0.0,3.3,0.0,296,71.9,131,547,16.8,6.5,159,0.0,0,3.6,1181,45,0.0
Lambari congelado frito,5.5,7.0,8.1,0.34,1067.0,0.8,65,0.31,5.6,9.0,0.25,0.03,0.04,8.93,0.0,297,40.1,327,1368,28.4,22.8,246,0.0,0,6.2,1881,66,0.0
Lambari fresco cru,0.0,0.0,0.0,0.41,441.0,0.6,41,0.05,2.4,0.0,0.0,0.03,0.07,1.86,0.0,298,72.2,152,634,15.7,9.4,144,0.0,0,2.2,590,32,0.0
Manjuba com farinha de trigo frita,5.5,5.4,10.4,0.36,578.0,3.0,37,0.15,3.8,30.0,0.05,0.07,0.0,0.79,0.0,299,41.3,344,1437,23.5,22.6,282,10.2,0.4,2.4,763,47,0.0
Manjuba frita,5.3,6.0,11.7,0.21,735.0,0.9,41,0.14,3.2,12.0,0.03,0.03,0.0,7.27,0.0,300,40.7,349,1462,30.1,24.5,270,0.0,0,4.2,575,32,0.0
Merluza filé assado,0.2,0.1,0.3,0.03,273.0,0.4,120,0.03,0.9,0.0,0.05,0.0,0.0,7.97,0.0,301,70.7,122,510,26.6,0.9,91,0.0,0,1.2,36,20,0.0
Merluza filé cru,0.9,0.5,0.4,0.01,185.0,0.2,80,0.0,0.3,0.0,0.0,0.0,0.0,1.34,0.0,302,82.1,89,373,16.6,2.0,57,0.0,0,1.1,20,27,0.0
Merluza filé frito,1.4,2.1,4.3,0.02,279.0,0.4,90,0.03,0.6,0.0,0.05,0.0,0.0,0.77,0.0,303,63.5,192,802,26.9,8.5,109,0.0,0,1.5,36,38,0.0
Pescada branca crua,0.8,2.4,0.9,0.01,136.0,0.2,76,0.0,0.3,3.0,0.0,0.04,0.0,0.6,0.0,304,79.6,111,464,16.3,4.6,51,0.0,0,0.9,16,19,0.0
Pescada branca frita,2.3,3.2,5.2,0.06,504.0,0.5,107,0.08,1.1,39.0,0.08,0.11,0.0,8.07,0.0,305,57.0,223,933,27.4,11.8,165,0.0,0,3.2,378,30,0.0
Pescada filé com farinha de trigo frito,2.2,4.4,9.1,0.07,216.0,0.9,91,0.03,0.4,18.0,0.0,0.03,0.0,0.6,0.0,306,53.2,283,1186,21.4,19.1,73,5.0,0,1.2,26,28,0.0
Pescada filé cru,0.9,2.3,0.3,0.01,141.0,0.2,77,0.0,0.3,48.0,0.0,0.05,0.0,3.1,0.0,307,79.5,107,449,16.7,4.0,65,0.0,0,0.9,14,23,0.0
Pescada filé frito,1.0,1.1,1.2,0.0,204.0,0.3,115,0.03,0.6,4.0,0.14,0.0,0.0,8.87,0.0,308,66.8,154,645,28.6,3.6,81,0.0,0,1.7,10,21,0.0
Pescada filé molho escabeche,1.3,2.9,4.3,0.08,105.0,1.5,51,0.36,0.3,19.0,0.0,0.03,0.0,1.1,6.9,309,74.5,142,594,11.8,8.0,43,5.0,0.8,0.7,20,18,0.0
Pescadinha crua,0.3,0.2,0.4,0.07,327.0,0.5,120,0.1,0.6,0.0,0.08,0.0,0.0,6.6,0.0,310,80.6,76,320,15.5,1.1,84,0.0,0,2.0,332,34,0.0
Pintado assado,1.8,1.3,0.3,0.08,332.0,0.8,81,0.04,2.1,7.0,0.03,0.0,0.0,6.63,0.0,311,57.0,192,801,36.5,4.0,126,0.0,0,2.0,114,42,0.0
Pintado cru,0.6,0.4,0.1,0.01,174.0,0.2,43,0.03,0.4,0.0,0.0,0.0,0.0,4.95,0.0,312,80.3,91,381,18.6,1.3,50,0.0,0,1.1,12,24,0.0
Pintado grelhado,1.1,0.7,0.2,0.03,237.0,0.5,53,0.04,0.8,5.0,0.03,0.0,0.0,2.87,0.0,313,65.5,152,637,30.8,2.3,99,0.0,0,1.6,69,27,0.0
Porquinho cru,0.4,0.1,0.0,0.05,207.0,0.4,67,0.04,0.7,5.0,0.0,0.0,0.0,1.19,0.0,314,79.2,93,389,20.5,0.6,49,0.0,0,1.3,26,24,0.0
Salmão filé com pele fresco grelhado,3.1,4.4,7.0,0.02,300.0,0.5,85,0.04,0.6,0.0,0.13,0.06,0.0,5.35,0.0,315,60.9,229,957,23.9,14.0,85,0.0,0,1.3,29,28,0.0
Salmão sem pele fresco cru,2.5,2.9,3.1,0.0,259.0,0.2,64,0.02,0.3,0.0,0.2,0.03,0.0,3.21,0.0,316,69.0,170,710,19.3,9.7,53,0.0,0,1.2,9,27,0.0
Salmão sem pele fresco grelhado,3.6,4.1,5.0,0.01,352.0,0.4,96,0.04,0.5,0.0,0.23,0.03,0.0,6.3,0.0,317,58.1,243,1015,26.1,14.5,73,0.0,0,1.6,15,38,0.0
Sardinha assada,1.7,0.5,0.3,0.24,578.0,1.3,74,0.14,1.8,0.0,0.06,0.0,0.0,5.83,0.0,318,60.1,164,688,32.2,3.0,109,0.0,0,4.4,438,51,0.0
Sardinha conserva em óleo,4.1,5.5,11.9,0.11,496.0,3.5,666,0.03,1.6,0.0,0.42,0.04,0.0,6.55,0.0,319,55.1,285,1192,15.9,24.0,73,0.0,0,2.9,550,35,0.0
Sardinha frita,0.0,0.0,0.0,0.25,629.0,1.1,60,0.14,1.6,0.0,0.06,0.0,0.0,7.1,0.0,320,48.5,257,1075,33.4,12.7,103,0.0,0,4.3,482,39,0.0
Sardinha inteira crua,1.7,0.5,0.2,0.1,294.0,1.3,60,0.13,1.3,0.0,0.0,0.07,0.0,7.7,0.0,321,76.6,114,477,21.1,2.7,61,0.0,0,1.6,167,29,0.0
Tucunaré filé congelado cru,0.6,0.4,0.4,0.01,168.0,0.3,57,0.1,0.4,0.0,0.0,0.05,0.0,0.9,0.0,322,79.9,88,367,18.0,1.2,47,0.0,0,1.0,19,26,0.0
Apresuntado,1.9,2.6,1.1,0.04,225.0,0.9,943,0.03,1.6,0.0,0.62,0.04,0.0,0.7,0.0,323,73.7,129,539,13.5,6.7,38,2.9,0,3.3,23,15,0.0
Caldo de carne tablete,7.8,2.5,0.1,0.02,123.0,0.0,22180,0.0,0.0,0.0,0.7,0.07,0.27,0.0,0.0,324,2.9,241,1007,7.8,16.6,0,15.1,0.6,57.6,129,22,0.0
Caldo de galinha tablete,9.4,3.2,0.2,0.13,48.0,0.7,22300,0.0,0.3,0.0,0.05,0.04,0.0,0.0,0.0,325,3.4,251,1052,6.3,20.4,2,10.6,11.8,59.3,16,13,0.0
Carne bovina acém moído cozido,4.8,4.6,0.3,0.01,164.0,2.7,52,0.06,8.1,0.0,0.0,0.32,0.0,1.76,0.0,326,61.6,212,889,26.7,10.9,103,0.0,0,0.8,4,17,0.0
Carne bovina acém moído cru,2.7,2.4,0.1,0.0,158.0,1.8,49,0.08,6.3,2.0,0.15,0.21,0.03,4.33,0.0,327,72.7,137,571,19.4,5.9,58,0.0,0,0.9,3,14,0.0
Carne bovina acém sem gordura cozido,5.5,3.7,0.3,0.0,164.0,2.4,56,0.07,8.0,0.0,0.0,0.04,0.07,1.63,0.0,328,60.4,215,898,27.3,10.9,107,0.0,0,0.8,7,14,0.0
Carne bovina acém sem gordura cru,2.8,2.3,0.2,0.0,144.0,1.5,50,0.04,5.2,2.0,0.12,0.12,0.0,2.33,0.0,329,71.5,144,603,20.8,6.1,53,0.0,0,1.0,5,13,0.0
Carne bovina almôndegas cruas,3.9,3.5,0.9,0.17,145.0,1.6,621,0.15,2.3,0.0,0.11,0.04,0.0,2.2,0.0,330,64.3,189,792,12.3,11.2,34,9.8,0,2.4,22,24,0.0
Carne bovina almôndegas fritas,4.2,5.0,5.5,0.41,244.0,1.9,1030,0.19,2.6,0.0,0.13,0.07,0.0,6.6,0.0,331,48.1,272,1137,18.2,15.8,36,14.3,0,3.7,27,48,0.0
Carne bovina bucho cozido,2.4,1.4,0.1,0.01,63.0,0.6,38,0.05,2.5,0.0,0.0,0.0,0.0,2.18,0.0,332,74.1,133,557,21.6,4.5,245,0.0,0,0.3,13,7,0.0
Carne bovina bucho cru,3.3,1.4,0.1,0.01,61.0,0.5,45,0.06,2.1,0.0,0.0,0.0,0.0,2.13,0.0,333,75.0,137,574,20.5,5.5,145,0.0,0,0.4,9,6,0.0
Carne bovina capa de contra-filé com gordura crua,6.9,6.2,0.1,0.01,144.0,1.5,58,0.06,3.5,4.0,0.09,0.09,0.12,1.55,0.0,334,64.8,217,908,19.2,15.0,63,0.0,0,0.9,6,17,0.0
Carne bovina capa de contra-filé com gordura grelhada,8.8,8.7,0.3,0.0,214.0,2.6,81,0.13,6.2,0.0,0.0,0.06,0.0,1.74,0.0,335,47.9,312,1304,30.7,20.0,120,0.0,0,1.1,7,18,0.0
Carne bovina capa de contra-filé sem gordura crua,1.9,1.9,0.1,0.0,178.0,2.0,79,0.06,4.6,0.0,0.0,0.04,0.0,1.81,0.0,336,73.0,131,548,21.5,4.3,58,0.0,0,1.0,6,20,0.0
Carne bovina capa de contra-filé sem gordura grelhada,4.3,4.3,0.2,0.01,287.0,2.8,83,0.12,7.6,0.0,0.03,0.08,0.0,1.86,0.0,337,53.7,239,1002,35.1,10.0,80,0.0,0,1.3,9,26,0.0
Carne bovina charque cozido,4.8,5.4,0.4,0.02,101.0,3.5,1443,0.07,6.1,0.0,0.05,0.07,0.0,1.5,0.0,338,45.8,263,1099,36.4,11.9,113,0.0,0,3.6,15,13,0.0
Carne bovina charque cru,8.7,6.6,0.2,0.0,122.0,1.5,5875,0.03,3.9,0.0,0.12,0.07,0.0,1.63,0.0,339,44.5,249,1041,22.7,16.8,81,0.0,0,14.5,15,13,0.0
Carne bovina contra-filé à milanesa,7.2,8.1,6.9,0.27,203.0,2.9,77,0.1,2.9,15.0,0.07,0.04,0.0,3.02,0.0,340,42.2,352,1471,20.6,24.0,99,12.2,0.4,1.1,15,27,0.0
Carne bovina contra-filé de costela cru,6.7,4.6,0.1,0.0,164.0,1.6,39,0.04,4.4,3.0,0.14,0.08,0.0,2.68,0.0,341,66.4,202,847,19.8,13.1,52,0.0,0,1.0,3,14,0.0
Carne bovina contra-filé de costela grelhado,8.8,5.6,0.2,0.01,252.0,2.8,51,0.08,6.7,0.0,0.0,0.19,0.17,2.75,0.0,342,52.2,275,1150,29.9,16.3,98,0.0,0,1.2,4,24,0.0
Carne bovina contra-filé com gordura cru,5.6,5.5,0.2,0.01,164.0,1.3,44,0.04,2.8,4.0,0.11,0.08,0.03,3.79,0.0,343,65.7,206,861,21.2,12.8,73,0.0,0,0.9,4,18,0.0
Carne bovina contra-filé com gordura grelhado,7.4,6.3,0.2,0.0,219.0,2.4,57,0.09,4.8,0.0,0.0,0.18,0.13,4.91,0.0,344,51.7,278,1163,32.4,15.5,144,0.0,0,1.2,4,19,0.0
Carne bovina contra-filé sem gordura cru,2.7,2.6,0.1,0.0,184.0,1.7,53,0.05,3.2,0.0,0.0,0.2,0.0,4.64,0.0,345,69.1,157,655,24.0,6.0,59,0.0,0,1.0,4,21,0.0
Carne bovina contra-filé sem gordura grelhado,2.0,1.9,0.1,0.0,241.0,2.4,58,0.09,5.1,0.0,0.0,0.17,0.16,4.93,0.0,346,57.5,194,810,35.9,4.5,102,0.0,0,1.3,5,21,0.0
Carne bovina costela assada,11.8,12.1,0.3,0.0,179.0,2.2,92,0.08,5.5,0.0,0.0,0.08,0.35,0.56,0.0,347,43.2,373,1561,28.8,27.7,95,0.0,0,1.0,28,20,0.0
Carne bovina costela crua,14.9,12.7,0.3,0.0,130.0,1.2,70,0.0,2.7,5.0,0.12,0.11,0.0,5.99,0.0,348,52.7,358,1497,16.7,31.8,44,0.0,0,0.9,0,12,0.0
Carne bovina coxão duro sem gordura cozido,3.5,4.1,0.2,0.0,189.0,1.7,41,0.07,5.0,2.0,0.0,0.0,0.0,3.26,0.0,349,58.5,217,906,31.9,8.9,71,0.0,0,0.9,4,14,0.0
Carne bovina coxão duro sem gordura cru,2.9,2.4,0.1,0.0,189.0,1.9,49,0.05,2.8,2.0,0.12,0.2,0.0,4.38,0.0,350,69.8,148,619,21.5,6.2,60,0.0,0,1.1,3,21,0.0
Carne bovina coxão mole sem gordura cozido,4.3,3.4,0.2,0.0,183.0,2.6,44,0.11,4.7,2.0,0.0,0.0,0.0,4.09,0.0,351,58.0,219,915,32.4,8.9,84,0.0,0,1.2,4,13,0.0
Carne bovina coxão mole sem gordura cru,3.9,3.7,0.1,0.0,175.0,1.9,61,0.05,2.6,3.0,0.12,0.19,0.0,2.32,0.0,352,68.6,169,707,21.2,8.7,84,0.0,0,1.0,3,21,0.0
Carne bovina cupim assado,5.5,5.4,0.2,0.0,212.0,2.7,72,0.08,5.3,0.0,0.0,0.08,0.14,2.16,0.0,353,48.4,330,1381,28.6,23.0,91,0.0,0,1.0,8,18,0.0
Carne bovina cupim cru,6.8,6.4,0.2,0.0,220.0,1.1,47,0.03,2.4,3.0,0.11,0.05,0.03,3.33,0.0,354,64.8,221,926,19.5,15.3,51,0.0,0,0.9,4,13,0.0
Carne bovina fígado cru,2.8,1.5,0.1,0.26,334.0,5.6,76,9.01,3.5,7937.0,0.14,0.9,0.0,10.66,0.0,355,71.3,141,590,20.7,5.4,393,1.1,0,1.5,4,12,0.0
Carne bovina fígado grelhado,4.7,2.2,1.1,0.22,420.0,5.8,82,12.58,4.0,14574.0,0.21,2.69,0.0,11.92,0.0,356,55.0,225,942,29.9,9.0,601,4.2,0,2.0,6,10,0.0
Carne bovina filé mingnon sem gordura cru,2.9,1.9,0.2,0.01,193.0,1.9,49,0.08,2.8,4.0,0.12,0.1,0.04,1.78,0.0,357,71.9,143,598,21.6,5.6,55,0.0,0,1.1,3,21,0.0
Carne bovina filé mingnon sem gordura grelhado,4.5,3.1,0.2,0.02,308.0,2.9,58,0.14,4.1,0.0,0.03,0.08,0.05,4.27,0.0,358,57.0,220,919,32.8,8.8,103,0.0,0,1.3,4,28,0.0
Carne bovina flanco sem gordura cozido,3.9,2.8,0.1,0.0,181.0,2.8,42,0.07,5.6,2.0,0.0,0.0,0.0,2.32,0.0,359,62.0,196,818,29.4,7.8,62,0.0,0,0.9,4,14,0.0
Carne bovina flanco sem gordura cru,3.1,2.3,0.1,0.0,167.0,1.6,54,0.05,4.5,2.0,0.11,0.16,0.0,3.28,0.0,360,72.1,141,592,20.0,6.2,50,0.0,0,1.0,3,18,0.0
Carne bovina fraldinha com gordura cozida,12.1,10.4,0.5,0.0,161.0,2.0,39,0.07,6.5,0.0,0.0,0.05,0.07,1.61,0.0,361,49.7,338,1416,24.2,26.0,65,0.0,0,0.7,3,14,0.0
Carne bovina fraldinha com gordura crua,7.3,6.5,0.3,0.0,131.0,1.5,51,0.04,4.2,5.0,0.08,0.07,0.03,3.56,0.0,362,65.4,221,924,17.6,16.1,54,0.0,0,0.9,3,16,0.0
Carne bovina lagarto cozido,3.9,4.0,0.2,0.0,167.0,1.9,48,0.05,7.0,3.0,0.0,0.0,0.0,2.55,0.0,363,57.6,222,931,32.9,9.1,56,0.0,0,0.9,4,13,0.0
Carne bovina lagarto cru,2.3,2.3,0.1,0.0,185.0,1.3,54,0.05,2.4,2.0,0.1,0.14,0.03,2.19,0.0,364,71.0,135,564,20.5,5.2,56,0.0,0,1.1,3,20,0.0
Carne bovina língua cozida,11.2,10.3,0.5,0.01,136.0,2.1,59,0.08,4.1,0.0,0.0,0.08,0.0,1.83,0.0,365,53.4,315,1318,21.4,24.8,105,0.0,0,0.7,6,12,0.0
Carne bovina língua crua,6.8,6.8,0.3,0.02,164.0,1.7,73,0.09,2.9,0.0,0.05,0.04,0.0,1.18,0.0,366,65.0,215,901,17.1,15.8,118,0.0,0,0.8,5,15,0.0
Carne bovina maminha crua,3.1,3.1,0.1,0.0,181.0,1.1,37,0.03,3.5,3.0,0.12,0.08,0.03,4.27,0.0,367,70.0,153,639,20.9,7.0,51,0.0,0,1.0,3,16,0.0
Carne bovina maminha grelhada,9.7,7.7,0.2,0.0,237.0,2.4,58,0.08,5.6,0.0,0.0,0.04,0.13,1.46,0.0,368,65.3,153,641,30.7,2.4,88,0.0,0,1.4,4,21,0.0
Carne bovina miolo de alcatra sem gordura cru,3.4,3.3,0.1,0.01,165.0,2.0,43,0.06,3.0,4.0,0.12,0.07,0.0,3.59,0.0,369,69.5,163,681,21.6,7.8,60,0.0,0,1.0,3,20,0.0
Carne bovina miolo de alcatra sem gordura grelhado,5.1,4.9,0.3,0.02,279.0,3.2,52,0.11,4.8,0.0,0.03,0.05,0.05,4.66,0.0,370,52.4,241,1010,31.9,11.6,92,0.0,0,1.2,5,26,0.0
Carne bovina músculo sem gordura cozido,2.9,2.8,0.1,0.0,176.0,2.4,62,0.08,6.4,2.0,0.0,0.0,1.97,0.0,0.0,371,62.8,194,811,31.2,6.7,56,0.0,0,0.9,5,13,0.0
Carne bovina músculo sem gordura cru,2.2,2.6,0.1,0.0,162.0,1.9,66,0.05,3.7,2.0,0.19,0.04,2.79,0.0,0.0,372,72.4,142,592,21.6,5.5,51,0.0,0,1.0,4,17,0.0
Carne bovina paleta com gordura crua,3.5,2.9,0.2,0.0,158.0,1.8,65,0.08,3.7,0.0,0.0,0.04,0.02,0.91,0.0,373,70.6,159,664,21.4,7.5,58,0.0,0,0.9,4,14,0.0
Carne bovina paleta sem gordura cozida,3.4,3.0,0.2,0.0,197.0,2.2,58,0.1,6.8,0.0,0.03,0.04,0.0,2.16,0.0,374,62.9,194,810,29.7,7.4,56,0.0,0,0.8,6,18,0.0
Carne bovina paleta sem gordura crua,2.7,2.1,0.1,0.0,163.0,1.9,66,0.05,3.3,3.0,0.13,0.21,0.0,2.67,0.0,375,72.1,141,590,21.0,5.7,42,0.0,0,1.0,4,18,0.0
Carne bovina patinho sem gordura cru,2.0,1.9,0.2,0.01,170.0,1.8,49,0.05,4.5,2.0,0.11,0.08,0.0,3.61,0.0,376,72.9,133,558,21.7,4.5,56,0.0,0,1.0,3,20,0.0
Carne bovina patinho sem gordura grelhado,3.1,3.1,0.3,0.02,289.0,3.0,60,0.12,8.1,0.0,0.04,0.03,0.0,3.01,0.0,377,55.2,219,917,35.9,7.3,126,0.0,0,1.3,5,27,0.0
Carne bovina peito sem gordura cozido,11.7,11.5,0.4,0.0,136.0,1.6,56,0.05,3.9,0.0,0.0,0.3,0.0,4.54,0.0,378,51.2,338,1416,22.2,27.0,100,0.0,0,0.7,4,14,0.0
Carne bovina peito sem gordura cru,8.2,9.2,0.5,0.0,124.0,1.3,64,0.06,2.6,4.0,0.11,0.07,0.03,3.91,0.0,379,61.5,259,1085,17.6,20.4,59,0.0,0,0.9,4,15,0.0
Carne bovina picanha com gordura crua,6.1,6.7,0.3,0.0,165.0,1.7,38,0.06,3.8,3.0,0.13,0.16,0.0,4.77,0.0,380,65.6,213,891,18.8,14.7,60,0.0,0,0.9,2,14,0.0
Carne bovina picanha com gordura grelhada,7.9,9.2,0.4,0.0,246.0,3.2,60,0.14,5.5,0.0,0.03,0.06,0.13,1.6,0.0,381,53.4,289,1208,26.4,19.5,92,0.0,0,1.1,4,24,0.0
Carne bovina picanha sem gordura crua,2.0,2.1,0.1,0.0,183.0,2.1,61,0.08,4.2,0.0,0.0,0.05,0.0,1.89,0.0,382,72.4,134,559,21.3,4.7,75,0.0,0,1.0,3,20,0.0
Carne bovina picanha sem gordura grelhada,4.5,5.2,0.3,0.02,282.0,3.6,61,0.17,6.7,0.0,0.0,0.08,0.03,1.82,0.0,383,54.6,238,998,31.9,11.3,100,0.0,0,1.2,4,25,0.0
Carne bovina seca cozida,10.5,8.3,0.4,0.02,82.0,1.9,1943,0.03,7.7,0.0,0.0,0.06,0.0,2.32,0.0,384,47.2,313,1309,26.9,21.9,100,0.0,0,4.7,13,12,0.0
Carne bovina seca crua,8.7,7.5,0.3,0.01,100.0,1.3,4440,0.0,3.7,0.0,0.0,0.07,0.0,2.83,0.0,385,39.2,313,1309,19.7,25.4,92,0.0,0,15.3,14,12,0.0
Coxinha de frango frita,2.6,3.4,4.7,0.28,93.0,1.3,532,0.09,0.5,0.0,0.09,0.0,0.0,2.6,0.0,386,42.2,283,1184,9.6,11.8,15,34.5,5.0,1.8,18,17,0.0
Croquete de carne cru,0.0,0.0,0.0,0.34,144.0,2.5,711,0.1,2.7,0.0,0.11,0.04,0.0,1.95,0.0,387,56.0,246,1028,12.0,15.6,30,13.9,0,2.5,15,24,0.0
Croquete de carne frito,5.1,7.4,11.5,0.39,176.0,2.3,916,0.09,3.3,0.0,0.14,0.04,0.0,4.77,0.0,388,39.2,347,1451,16.9,22.7,38,18.1,0,3.1,18,30,0.0
Empada de frango pré-cozida assada,0.0,0.0,0.0,0.32,78.0,1.2,525,0.07,0.6,0.0,0.12,0.0,0.0,0.0,0.0,389,28.2,358,1499,6.9,15.6,23,47.5,2.2,1.8,16,18,0.0
Empada de frango pré-cozida,5.4,5.2,1.4,0.25,78.0,0.7,771,0.09,0.5,0.0,0.11,0.0,0.03,0.0,0.0,390,32.0,377,1579,7.3,22.9,23,35.5,2.2,2.2,14,17,0.0
Frango asa com pele crua,4.4,6.6,3.0,0.01,155.0,0.6,96,0.02,1.2,10.0,0.11,0.04,0.0,2.58,0.0,391,67.5,213,892,18.1,15.1,113,0.0,0,0.7,11,23,0.0
Frango caipira inteiro com pele cozido,4.4,7.5,2.3,0.01,162.0,1.7,56,0.08,1.7,16.0,0.03,0.0,0.0,6.33,0.0,392,59.7,243,1016,23.9,15.6,110,0.0,0,0.8,17,18,0.0
Frango caipira inteiro sem pele cozido,2.2,3.4,1.2,0.02,210.0,2.1,53,0.15,2.7,6.0,0.03,0.03,0.0,9.2,0.0,393,61.4,196,819,29.6,7.7,106,0.0,0,1.1,66,23,0.0
Frango coração cru,4.9,6.3,3.4,0.05,193.0,4.1,95,0.2,2.0,9.0,0.23,0.35,0.0,3.39,0.0,394,69.1,222,927,12.6,18.6,159,0.0,0,0.8,6,20,0.0
Frango coração grelhado,3.5,4.3,1.6,0.06,276.0,6.5,128,0.3,3.4,0.0,0.2,0.19,0.0,9.7,0.0,395,63.5,207,867,22.4,12.1,280,0.6,0,1.3,8,20,0.0
Frango coxa com pele assada,3.1,3.8,2.2,0.0,251.0,1.2,95,0.05,2.6,6.0,0.05,0.05,0.0,10.4,0.0,396,59.8,215,900,28.5,10.4,145,0.1,0,1.3,8,14,0.0
Frango coxa com pele crua,3.0,4.1,2.2,0.02,185.0,0.7,95,0.03,2.0,10.0,0.16,0.05,0.0,2.04,0.0,397,72.9,161,676,17.1,9.8,97,0.0,0,0.8,8,26,0.0
Frango coxa sem pele cozida,2.0,2.1,1.1,0.0,187.0,0.8,64,0.03,2.8,0.0,0.07,0.0,0.0,8.2,0.0,398,66.7,167,701,26.9,5.8,133,0.0,0,0.9,12,11,0.0
Frango coxa sem pele crua,1.6,2.1,0.8,0.02,196.0,0.8,98,0.03,2.2,12.0,0.17,0.05,0.0,3.53,0.0,399,76.4,120,502,17.8,4.9,91,0.0,0,0.9,8,27,0.0
Frango fígado cru,1.3,0.7,0.6,0.35,344.0,9.5,82,0.26,3.7,3863.0,0.62,0.56,0.0,6.36,0.0,400,77.8,106,446,17.6,3.5,341,0.0,0,1.2,6,28,0.0
Frango filé à milanesa,1.6,2.4,3.3,0.06,249.0,1.1,122,0.05,0.8,7.0,0.05,0.04,0.52,11.07,0.0,401,54.9,221,924,28.5,7.8,84,7.5,1.1,1.3,9,35,0.0
Frango inteiro com pele cru,5.2,7.2,3.9,0.01,174.0,0.6,63,0.04,1.1,7.0,0.08,0.03,0.0,3.28,0.0,402,66.5,226,947,16.4,17.3,85,0.0,0,0.7,6,24,0.0
Frango inteiro sem pele assado,2.1,2.6,1.8,0.0,233.0,0.6,70,0.03,1.6,0.0,0.09,0.0,0.0,11.2,0.0,403,63.2,187,784,28.0,7.5,111,0.0,0,1.2,9,14,0.0
Frango inteiro sem pele cozido,2.2,2.5,1.5,0.0,194.0,0.5,51,0.04,1.2,0.0,0.1,0.0,0.0,12.83,0.0,404,67.5,170,713,25.0,7.1,99,0.0,0,0.9,8,12,0.0
Frango inteiro sem pele cru,1.4,1.9,1.0,0.01,190.0,0.5,73,0.03,1.2,4.0,0.12,0.03,0.0,3.28,0.0,405,74.9,129,540,20.6,4.6,78,0.0,0,0.9,7,27,0.0
Frango peito com pele assado,2.2,2.7,1.8,0.01,297.0,0.5,56,0.01,1.0,6.0,0.12,0.0,0.0,15.8,0.0,406,58.5,212,886,33.4,7.6,109,0.0,0,1.5,8,18,0.0
Frango peito com pele cru,2.2,3.2,0.9,0.01,213.0,0.4,62,0.05,0.6,4.0,0.09,0.0,0.0,2.58,0.0,407,71.9,149,625,20.8,6.7,80,0.0,0,0.9,8,28,0.0
Frango peito sem pele cozido,1.1,1.1,0.6,0.0,224.0,0.3,36,0.02,0.9,0.0,0.1,0.0,0.0,7.6,0.0,408,65.6,163,681,31.5,3.2,89,0.0,0,1.0,6,14,0.0
Frango peito sem pele cru,1.1,1.3,0.0,0.01,222.0,0.4,56,0.03,0.7,2.0,0.1,0.0,0.0,5.86,0.0,409,74.8,119,499,21.5,3.0,59,0.0,0,1.0,7,31,0.0
Frango peito sem pele grelhado,0.9,0.9,0.3,0.0,295.0,0.3,50,0.02,0.8,0.0,0.11,0.0,0.0,24.83,0.0,410,63.8,159,666,32.0,2.5,89,0.0,0,1.4,5,18,0.0
Frango sobrecoxa com pele assada,4.2,5.4,3.9,0.0,252.0,1.2,96,0.06,2.2,8.0,0.1,0.05,0.0,11.2,0.0,411,55.0,260,1086,28.7,15.2,158,0.0,0,1.3,11,15,0.0
Frango sobrecoxa com pele crua,6.5,9.6,3.6,0.01,154.0,0.7,68,0.05,1.3,7.0,0.09,0.06,0.0,3.4,0.0,412,63.6,255,1065,15.5,20.9,88,0.0,0,0.8,7,22,0.0
Frango sobrecoxa sem pele assada,3.3,4.2,3.1,0.0,281.0,1.2,106,0.07,2.2,11.0,0.1,0.05,0.0,10.2,0.0,413,55.6,233,974,29.2,12.0,145,0.0,0,1.5,12,17,0.0
Frango sobrecoxa sem pele crua,3.0,4.5,1.6,0.02,187.0,0.9,80,0.06,1.7,4.0,0.12,0.06,0.0,4.06,0.0,414,72.7,162,677,17.6,9.6,84,0.0,0,0.9,6,26,0.0
Hambúrguer bovino cru,5.7,5.8,0.8,0.36,141.0,1.9,869,0.16,1.7,0.0,0.06,0.08,0.04,3.53,0.0,415,63.6,215,899,13.2,16.2,70,4.2,0,2.9,34,25,0.0
Hambúrguer bovino frito,5.9,6.0,3.7,0.52,324.0,3.0,1252,0.17,3.2,0.0,0.13,0.06,0.0,2.73,0.0,416,52.5,258,1081,20.0,17.0,49,6.3,0,4.2,62,60,0.0
Hambúrguer bovino grelhado,5.1,4.8,1.2,0.4,263.0,2.6,1090,0.18,3.0,0.0,0.18,0.06,0.0,5.77,0.0,417,59.2,210,878,13.2,12.4,59,11.3,0,3.9,56,48,0.0
Lingüiça frango crua,5.2,7.3,3.5,0.05,182.0,0.5,1126,0.05,0.7,0.0,0.11,0.05,0.0,4.6,0.0,418,64.8,218,913,14.2,17.4,64,0.0,0,3.3,11,19,0.0
Lingüiça frango frita,5.0,7.2,4.3,0.1,262.0,0.8,1374,0.04,1.2,0.0,0.11,0.05,0.0,5.67,0.0,419,59.6,245,1027,18.3,18.5,76,0.0,0,3.8,15,29,0.0
Lingüiça frango grelhada,4.7,6.8,3.4,0.1,228.0,0.7,1351,0.09,1.0,0.0,0.12,0.04,0.0,5.97,0.0,420,58.6,244,1019,18.2,18.4,80,0.0,0,3.8,14,21,0.0
Lingüiça porco crua,4.0,5.0,1.7,0.01,157.0,0.4,1176,0.04,1.4,0.0,0.49,0.05,0.0,2.6,0.0,421,62.5,227,951,16.1,17.6,53,0.0,0,3.2,6,14,0.0
Lingüiça porco frita,6.5,8.2,2.7,0.01,211.0,0.9,1432,0.06,3.1,0.0,0.41,0.07,0.0,5.83,0.0,422,54.6,280,1170,20.5,21.3,75,0.0,0,3.9,8,18,0.0
Lingüiça porco grelhada,7.0,8.7,2.6,0.01,210.0,1.0,1456,0.07,3.5,0.0,0.4,0.07,0.0,6.6,0.0,423,50.5,296,1241,23.2,21.9,82,0.0,0,4.0,8,19,0.0
Mortadela,6.1,8.1,4.7,0.11,216.0,1.5,1212,0.08,1.0,25.0,0.14,0.06,0.0,3.0,0.0,424,56.4,269,1125,12.0,21.6,83,5.8,0,4.1,67,19,0.0
Peru congelado assado,1.6,1.2,1.4,0.02,197.0,0.6,628,0.03,1.2,0.0,0.06,0.0,0.0,6.23,0.0,425,65.3,163,682,26.2,5.7,91,0.0,0,2.2,14,12,0.0
Peru congelado cru,0.4,0.4,0.7,0.0,217.0,0.9,711,0.36,1.4,0.0,0.06,0.0,0.0,4.23,0.0,426,78.2,94,392,18.1,1.8,68,0.0,0,2.5,10,19,0.0
Porco bisteca crua,3.5,3.9,1.2,0.0,195.0,0.5,54,0.07,1.4,0.0,0.9,0.0,0.0,2.65,0.0,427,67.7,164,687,21.5,8.0,56,0.0,0,1.0,6,24,0.0
Porco bisteca frita,6.0,6.6,4.6,0.01,290.0,0.8,63,0.07,2.2,10.0,0.34,0.0,0.0,3.25,0.0,428,47.3,311,1302,33.7,18.5,126,0.0,0,1.6,69,29,0.0
Porco bisteca grelhada,7.5,7.7,1.2,0.0,229.0,0.9,51,0.06,2.3,0.0,0.77,0.14,0.03,1.92,0.0,429,51.8,280,1172,28.9,17.4,82,0.0,0,1.2,34,25,0.0
Porco costela assada,11.8,13.9,3.1,0.0,201.0,1.0,63,0.07,3.1,0.0,0.71,0.05,0.0,10.63,0.0,430,36.9,402,1683,30.2,30.3,113,0.0,0,1.4,17,14,0.0
Porco costela crua,7.4,8.3,2.3,0.0,159.0,0.9,88,0.05,2.3,0.0,0.62,0.0,0.0,8.27,0.0,431,61.2,256,1069,18.0,19.8,69,0.0,0,0.9,15,18,0.0
Porco lombo assado,2.6,2.9,0.7,0.0,238.0,0.5,39,0.03,1.8,0.0,0.75,0.07,0.11,12.43,0.0,432,56.6,210,880,35.7,6.4,103,0.0,0,1.4,20,18,0.0
Porco lombo cru,3.3,3.7,1.0,0.0,195.0,0.5,53,0.01,0.9,0.0,0.95,0.0,0.0,13.83,0.0,433,67.7,176,735,22.6,8.8,55,0.0,0,1.0,4,24,0.0
Porco orelha salgada crua,7.3,11.2,2.8,0.01,31.0,1.4,616,0.23,0.6,0.0,0.07,0.03,0.0,0.0,0.0,434,59.7,258,1082,18.5,19.9,83,0.0,0,2.0,5,2,0.0
Porco pernil assado,4.8,6.4,1.9,0.01,247.0,1.3,62,0.09,3.3,0.0,0.77,0.09,0.0,6.57,0.0,435,49.3,262,1097,32.1,13.9,110,0.0,0,1.4,18,27,0.0
Porco pernil cru,4.2,5.0,1.7,0.0,192.0,0.9,102,0.16,1.7,0.0,1.06,0.06,0.0,5.67,0.0,436,67.1,186,778,20.1,11.1,59,0.0,0,1.0,13,23,0.0
Porco rabo salgado cru,11.6,16.7,4.3,0.01,42.0,0.6,1158,0.05,1.4,0.0,0.2,0.06,0.0,1.43,0.0,437,43.8,377,1579,15.6,34.5,89,0.0,0,3.5,22,4,0.0
Presunto com capa de gordura,1.9,2.6,1.0,0.04,274.0,0.7,1021,0.04,1.3,0.0,0.62,0.03,0.0,3.78,0.0,438,73.9,128,535,14.4,6.8,40,1.4,0,3.5,12,17,0.0
Presunto sem capa de gordura,0.9,1.1,0.5,0.04,244.0,0.8,1039,0.04,1.5,0.0,0.5,0.03,0.0,4.0,0.0,439,77.2,94,392,14.3,2.7,36,2.1,0,3.7,23,18,0.0
Quibe assado,1.2,0.9,0.3,0.76,174.0,2.2,40,0.51,4.1,0.0,0.04,0.04,0.0,1.81,0.0,440,69.0,136,570,14.6,2.7,34,12.9,1.9,0.9,16,36,0.0
Quibe cru,0.7,0.7,0.3,0.39,126.0,1.7,39,0.13,2.8,0.0,0.09,0.03,0.0,1.2,0.0,441,74.5,109,458,12.4,1.7,27,10.8,1.6,0.7,12,26,0.0
Quibe frito,4.6,5.0,5.0,0.72,166.0,2.0,836,0.16,2.8,0.0,0.12,0.1,0.0,1.5,0.0,442,54.0,254,1062,14.9,15.8,38,12.3,0,3.0,22,39,0.0
Salame,9.6,12.1,4.7,0.03,354.0,1.3,1574,0.05,3.2,0.0,0.88,0.23,0.0,12.49,0.0,443,34.7,398,1665,25.8,30.6,85,2.9,0,5.9,87,30,0.0
Toucinho cru,17.7,20.1,10.1,0.0,35.0,0.4,50,0.11,0.2,0.0,0.0,0.0,0.0,5.1,0.0,444,27.6,593,2479,11.5,60.3,73,0.0,0,0.3,2,4,0.0
Toucinho frito,20.0,26.2,14.6,0.01,95.0,0.9,125,0.1,0.8,0.0,0.0,0.0,0.0,5.03,0.0,445,6.3,697,2914,27.3,64.3,89,0.0,0,0.7,9,9,0.0
Bebida láctea pêssego,1.1,0.6,0.0,0.0,63.0,0.0,46,0.02,0.2,0.0,0.03,0.14,0.0,0.33,2.1,446,87.7,55,231,2.1,1.9,5,7.6,0.3,0.7,89,9,0.0
Creme de Leite,11.8,5.1,0.5,0.01,118.0,0.3,52,0.02,0.3,128.0,0.0,0.1,0.0,0.0,0.0,447,70.9,221,927,1.5,22.5,66,4.5,0,0.6,83,8,0.0
Iogurte natural,1.8,0.9,0.1,0.0,119.0,0.0,52,0.02,0.4,23.0,0.04,0.22,0.0,0.0,0.9,448,90.0,51,215,4.1,3.0,14,1.9,0,0.9,143,11,0.0
Iogurte natural desnatado,0.2,0.1,0.0,0.0,110.0,0.0,60,0.0,0.5,0.0,0.0,0.22,0.0,0.0,0.3,449,89.2,41,174,3.8,0.3,3,5.8,0,0.9,157,12,0.0
Iogurte sabor abacaxi,0.0,0.0,0.0,0.0,0.0,0.0,0,0.0,0.0,0.0,0.0,0.0,0.0,0.0,0.0,450,0,0,0,0,0,6,0,0,0,0,0,0.0
Iogurte sabor morango,1.4,0.7,0.1,0.0,73.0,0.0,38,0.02,0.3,27.0,0.03,0.12,0.02,0.0,0.0,451,84.6,70,291,2.7,2.3,7,9.7,0.2,0.6,101,8,0.0
Iogurte sabor pêssego,1.4,0.6,0.1,0.0,66.0,0.1,37,0.02,0.3,21.0,0.02,0.1,0.0,0.38,0.0,452,85.1,68,284,2.5,2.3,8,9.4,0.7,0.6,95,8,0.0
Leite condensado,4.2,1.7,0.2,0.0,187.0,0.1,94,0.03,0.9,53.0,0.06,0.33,0.57,0.0,2.1,453,27.0,313,1308,7.7,6.7,28,57.0,0,1.6,246,22,0.0
Leite de cabra,2.4,0.8,0.1,0.0,113.0,0.1,74,0.04,0.4,35.0,0.0,0.14,0.0,0.0,0.0,454,87.1,66,278,3.1,3.8,14,5.2,0,0.9,112,10,0.0
Leite de vaca achocolatado,1.1,0.6,0.1,0.05,71.0,0.5,72,0.04,0.3,39.0,0.07,0.29,0.14,1.23,3.3,455,80.9,83,347,2.1,2.2,6,14.2,0.6,0.7,70,13,0.0
Leite de vaca desnatado pó,0.6,0.2,0.0,0.0,1673.0,0.9,432,0.16,3.8,299.0,0.32,1.2,0.0,0.81,0.0,456,3.1,362,1513,34.7,0.9,25,53.0,0,8.2,1363,109,0.0
Leite de vaca desnatado UHT,0.0,0.0,0.0,0.0,85.0,0.0,51,0.02,0.4,0.0,0.04,0.26,0.0,1.49,0.0,457,0,0,0,0,0,4,0,0,0.8,134,10,0.0
Leite de vaca integral,1.4,0.7,0.1,0.0,82.0,0.0,64,0.02,0.4,21.0,0.04,0.24,0.0,1.52,0.0,458,0,0,0,0,0,10,0,0,0.8,123,10,0.0
Leite de vaca integral pó,16.3,7.1,0.5,0.0,1242.0,0.5,323,0.11,2.7,361.0,0.24,1.03,0.0,0.0,0.0,459,2.7,497,2078,25.4,26.9,85,39.2,0,5.8,890,77,0.0
Leite fermentado,0.0,0.0,0.0,0.02,63.0,0.0,33,0.01,0.3,0.0,0.08,0.11,0.0,0.0,0.5,460,81.9,70,291,1.9,0.1,2,15.7,0,0.5,72,6,0.0
Queijo minas frescal,11.4,5.8,0.4,0.02,123.0,0.9,31,0.0,0.3,161.0,0.0,0.25,0.0,0.0,0.0,461,56.1,264,1106,17.4,20.2,62,3.2,0,3.0,579,7,0.0
Queijo minas meia cura,13.2,5.6,0.3,0.02,403.0,0.2,501,0.07,2.7,111.0,0.03,0.32,0.0,0.0,0.0,462,47.1,321,1342,21.2,24.6,76,3.6,0,3.5,696,27,0.0
Queijo mozarela,14.2,6.0,0.5,0.03,470.0,0.3,581,0.08,3.5,109.0,0.0,0.2,0.0,0.0,0.0,463,45.3,330,1380,22.6,25.2,80,3.0,0,3.8,875,24,0.0
Queijo parmesão,19.7,8.7,0.4,0.05,745.0,0.5,1844,0.17,4.4,66.0,0.0,0.44,0.23,0.0,0.0,464,21.2,453,1895,35.6,33.5,106,1.7,0,8.0,992,33,0.0
Queijo pasteurizado,15.9,7.3,0.4,0.01,578.0,0.3,780,0.05,1.3,57.0,0.0,0.2,0.0,0.0,0.0,465,54.4,303,1268,9.4,27.4,82,5.7,0,3.1,323,16,0.0
Queijo petit suisse morango,1.6,0.8,0.0,0.02,448.0,0.1,412,0.01,2.7,273.0,0.22,0.27,0.21,2.68,0.0,466,72.2,121,507,5.8,2.8,12,18.5,0,0.7,731,27,0.0
Queijo prato,16.3,6.8,0.5,0.03,461.0,0.3,580,0.1,3.5,123.0,0.0,0.22,0.0,0.0,0.0,467,42.4,360,1506,22.7,29.1,91,1.9,0,3.9,940,28,0.0
Queijo requeijão cremoso,13.7,6.4,0.3,0.02,448.0,0.1,558,0.05,1.3,195.0,0.0,0.19,0.0,0.0,0.0,468,62.5,257,1074,9.6,23.4,74,2.4,0,2.0,259,12,0.0
Queijo ricota,4.5,2.4,0.2,0.0,162.0,0.1,283,0.0,0.5,53.0,0.0,0.15,0.0,0.0,0.0,469,73.6,140,585,12.6,8.1,49,3.8,0,1.9,253,12,0.0
Bebida isotônica sabores variados,0.0,0.0,0.0,0.0,9.0,0.7,44,0.0,0.0,0.0,0.0,0.0,0.0,0.0,0.0,470,93.5,26,107,0.0,0.0,0,6.4,0,0.1,1,0,0.0
Café infusão 10%,0.0,0.0,0.0,0.04,9.0,0.0,1,0.01,0.0,0.0,0.0,0.0,0.0,0.0,0.0,471,97.4,9,38,0.7,0.1,0,1.5,0,0.4,3,10,0.0
Cana caldo de,0.0,0.0,0.0,0.21,5.0,0.8,0,0.01,0.1,0.0,0.0,0.0,0.03,0.0,2.8,473,81.7,65,273,0,0,0,18.2,0.1,0.1,9,12,0.0
Chá erva-doce infusão 5%,0.0,0.0,0.0,0.01,1.0,0.0,1,0.01,0.0,0.0,1.23,0.23,0.0,0.0,0.0,475,99.6,1,6,0.0,0.0,0,0.4,0,0.0,2,1,0.0
Chá mate infusão 5%,0.0,0.0,0.0,0.27,0.0,0.0,0,0.0,0.0,0.0,0.89,0.0,0.0,0.0,0.0,476,99.3,3,11,0.0,0.1,0,0.6,0,0.0,1,2,0.0
Chá preto infusão 5%,0.0,0.0,0.0,0.09,2.0,0.0,0,0.0,0.0,0.0,3.11,0.48,0.0,0.0,0.0,477,99.4,2,9,0.0,0.0,0,0.6,0,0.0,0,1,0.0
Coco água de,0.0,0.0,0.0,0.25,4.0,0.0,2,0.0,0.0,0.0,0.01,0.0,0.0,0.0,2.4,478,94.3,22,90,0.0,0.0,0,5.3,0.1,0.5,19,5,0.0
Refrigerante tipo água tônica,0.0,0.0,0.0,0.0,0.0,0.0,8,0.0,0.0,0.0,0.0,0.0,0.0,0.0,0.0,479,92.0,31,129,0.0,0.0,0,8.0,0,0.0,1,0,0.0
Refrigerante tipo cola,0.0,0.0,0.0,0.0,17.0,0.0,7,0.0,0.0,0.0,0.0,0.0,0.0,0.0,0.0,480,91.3,34,140,0.0,0.0,0,8.7,0,0.1,1,0,0.0
Refrigerante tipo guaraná,0.0,0.0,0.0,0.0,0.0,0.0,9,0.0,0.0,0.0,0.0,0.0,0.0,0.0,0.0,481,90.0,39,162,0.0,0.0,0,10.0,0,0.0,1,0,0.0
Refrigerante tipo laranja,0.0,0.0,0.0,0.0,1.0,0.0,9,0.0,0.0,0.0,0.0,0.0,0.0,0.0,0.0,482,88.2,46,191,0.0,0.0,0,11.8,0,0.0,2,1,0.0
Refrigerante tipo limão,0.0,0.0,0.0,0.0,0.0,0.0,9,0.0,0.0,0.0,0.0,0.0,0.0,0.0,0.0,483,89.7,40,166,0.0,0.0,0,10.3,0,0.0,2,1,0.0
Omelete de queijo,6.4,7.0,6.2,0.03,314.0,1.4,216,0.03,1.4,59.0,0.03,0.24,0.0,0.0,0.0,484,60.5,268,1121,15.6,22.0,384,0.4,0,1.5,166,14,0.0
Ovo de codorna inteiro cru,8.9,12.1,2.7,0.0,279.0,3.3,129,0.04,2.1,305.0,0.11,0.12,0.0,0.97,0.0,485,71.7,177,740,13.7,12.7,568,0.8,0,1.2,79,11,0.0
Ovo de galinha clara cozida por 10 minutos,0.0,0.0,0.0,0.0,15.0,0.1,181,0.03,0.0,0.0,0.0,0.08,0.0,0.0,0.0,486,85.2,59,249,13.4,0.1,0,0.0,0,0.7,6,11,0.0
Ovo de galinha gema cozida por 10 minutos,9.2,12.1,4.0,0.06,386.0,2.9,45,0.0,2.9,148.0,0.18,0.22,0.0,0.0,0.0,487,50.0,353,1476,15.9,30.8,1272,1.6,0,1.7,114,9,0.0
Ovo de galinha inteiro cozido por 10 minutos,2.9,3.8,1.1,0.02,184.0,1.5,146,0.04,1.2,32.0,0.08,0.3,0.0,0.0,0.0,488,75.8,146,610,13.3,9.5,397,0.6,0,0.8,49,11,0.0
Ovo de galinha inteiro cru,2.6,3.6,1.2,0.0,164.0,1.6,168,0.06,1.1,79.0,0.07,0.58,0.0,0.75,0.0,489,75.6,143,599,13.0,8.9,356,1.6,0,0.8,42,13,0.0
Ovo de galinha inteiro frito,4.1,5.7,4.9,0.03,422.0,2.1,166,0.04,1.5,94.0,0.06,0.32,0.0,0.0,0.0,490,63.5,240,1005,15.6,18.6,516,1.2,0,1.1,73,16,0.0
Achocolatado pó,1.1,0.6,0.3,0.55,200.0,5.4,65,0.56,1.0,796.0,1.38,1.02,1.52,4.99,0.0,491,1.1,401,1678,4.2,2.2,0,91.2,3.9,1.4,44,77,0.0
Açúcar cristal,0.0,0.0,0.0,0.0,0.0,0.2,0,0.0,0.0,0.0,0.0,0.0,0.0,0.0,0.0,492,0.1,387,1619,0.3,0,0,99.6,0,0,8,1,0.0
Açúcar mascavo,0.0,0.0,0.0,2.03,38.0,8.3,25,0.17,0.5,0.0,0.0,0.03,0.0,0.0,0.0,493,3.3,369,1542,0.8,0.1,0,94.5,0,1.4,127,80,0.0
Açúcar refinado,0.0,0.0,0.0,0.0,0.0,0.1,12,0.0,0.0,0.0,0.0,0.0,0.0,0.0,0.0,494,0.1,387,1617,0.3,0,0,99.5,0,0,4,1,0.0
Chocolate ao leite,17.5,10.0,0.9,0.3,212.0,1.6,77,0.31,1.1,0.0,0.05,0.22,0.59,0.63,0.0,495,1.3,540,2258,7.2,30.3,17,59.6,2.2,1.7,191,57,0.0
Chocolate ao leite com castanha do Pará,14.1,9.3,3.2,0.36,303.0,1.5,64,0.45,1.3,36.0,0.04,0.24,0.0,1.37,1.4,496,1.2,559,2338,7.4,34.2,16,55.4,2.5,1.8,171,80,0.0
Chocolate ao leite dietético,19.2,11.4,1.5,0.41,276.0,3.3,85,0.43,1.1,7.0,0.31,0.25,0.0,0.79,2.0,497,1.7,557,2330,6.9,33.8,13,56.3,2.8,1.3,188,67,0.0
Chocolate meio amargo,13.1,8.1,1.0,0.83,220.0,3.6,9,0.77,1.5,0.0,0.2,0.04,0.0,1.06,2.1,498,1.0,475,1987,4.9,29.9,2,62.4,4.9,1.8,45,107,0.0
Cocada branca,8.4,0.4,0.1,0.36,396.0,1.2,29,0.2,0.4,0.0,0.0,0.0,0.16,0.47,0.0,499,3.4,449,1878,1.1,13.6,0,81.4,3.6,0.5,7,17,0.0
Doce de abóbora cremoso,0.0,0.0,0.0,0.01,14.0,0.9,0,0.0,0.0,0.0,0.08,0.0,0.04,0.0,0.1,500,43.9,199,832,0.9,0.2,0,54.6,2.3,0.4,13,6,0.0
Doce de leite cremoso,1.3,3.9,2.0,0.01,141.0,0.1,120,0.02,0.5,36.0,0.05,0.26,0.0,0.0,0.0,501,27.5,306,1282,5.5,6.0,20,59.5,0,1.5,195,16,0.0
Geléia mocotó natural,0.0,0.0,0.0,0.0,0.0,0.1,43,0.0,0.0,0.0,0.19,0.0,0.22,0.0,0.0,502,73.5,106,444,2.1,0.1,0,24.2,0,0.1,4,1,0.0
Glicose de milho,0.0,0.0,0.0,0.0,5.0,0.1,59,0.0,0.0,0.0,0.0,0.0,0.0,0.0,0.0,503,20.4,292,1222,0.0,0.0,0,79.4,0,0.2,6,2,0.0
Maria mole,0.0,0.0,0.0,0.06,4.0,0.4,15,0.2,0.1,0.0,0.04,0.0,0.0,0.0,0.0,504,21.6,301,1260,3.8,0.2,0,73.6,0.7,0.9,13,7,0.0
Maria mole coco queimado,0.0,0.0,0.0,0.09,5.0,0.5,14,0.03,0.1,0.0,0.04,0.0,0.0,0.0,0.0,505,20.7,307,1283,3.9,0.1,0,75.1,0.6,0.2,19,6,0.0
Marmelada,0.0,0.0,0.0,0.06,20.0,0.7,11,0.09,0.1,0.0,0.0,0.0,0.0,0.0,0.0,506,28.5,257,1076,0.4,0.1,0,70.8,4.1,0.2,11,6,0.0
Mel de abelha,0.0,0.0,0.0,0.38,4.0,0.3,6,0.0,0.2,0.0,0.11,0.0,0.0,0.0,0.7,507,15.8,309,1294,0.0,0.0,0,84.0,0,0.1,10,6,0.0
Melado,0.0,0.0,0.0,2.62,74.0,5.4,4,0.84,0.3,0.0,0.0,0.05,0.2,0.0,0.0,508,22.1,297,1241,0.0,0.0,0,76.6,0,1.3,102,115,0.0
Quindim,11.3,4.8,4.7,0.25,168.0,1.4,27,0.1,1.1,76.0,0.0,0.04,0.04,1.14,0.0,509,23.9,411,1721,4.7,24.4,271,46.3,3.2,0.6,37,15,0.0
Rapadura,0.0,0.0,0.0,1.66,21.0,4.4,22,0.17,0.6,0.0,0.0,0.0,0.04,0.0,0.0,510,7.1,352,1473,1.0,0.1,0,90.8,0,1.1,30,47,0.0
Café pó torrado,5.3,1.1,4.9,2.58,169.0,8.1,1,1.3,0.5,0.0,0.0,0.0,0.0,11.89,0.0,511,2.9,419,1752,14.7,11.9,0,65.8,51.2,4.7,107,165,0.0
Capuccino pó,4.0,1.6,0.1,0.17,358.0,2.3,382,0.0,1.1,52.0,0.0,1.41,0.0,0.0,0.0,512,2.6,417,1746,11.3,8.6,29,73.6,2.4,3.8,467,71,0.0
Fermento em pó químico,0.0,0.0,0.0,0.0,0.0,0.0,10052,0.0,0.0,0.0,0.0,0.0,0.0,0.0,0.0,513,7.1,90,375,0.5,0.1,0,43.9,0,48.5,0,0,0.0
Fermento biológico levedura tablete,0.0,0.0,0.0,0.2,419.0,2.6,40,0.29,11.0,0.0,0.3,0.36,0.0,0.0,0.0,514,71.9,90,376,17.0,1.5,0,7.7,4.2,1.9,18,38,0.0
Gelatina sabores variados pó,0.0,0.0,0.0,0.03,2.0,0.3,235,0.0,0.0,0.0,0.0,0.0,0.0,0.0,40.0,515,1.2,380,1591,8.9,0,0,89.2,0,0.6,27,2,0.0
Sal dietético,0.0,0.0,0.0,0.0,0.0,0.0,23432,0.0,0.0,0.0,0.0,0.0,0.0,0.0,0.0,516,0.6,0,0,0,0,0,0,0,99.4,0,0,0.0
Sal grosso,0.0,0.0,0.0,0.0,0.0,0.0,39943,0.0,0.0,0.0,0.0,0.0,0.0,0.0,0.0,517,0.4,0,0,0,0,0,0,0,0,0,0,0.0
Shoyu,0.0,0.0,0.0,0.07,47.0,0.5,5024,0.0,0.2,0.0,0.83,0.06,0.15,2.1,0.0,518,70.6,61,255,3.3,0.3,0,11.6,0,14.1,15,24,0.0
Tempero a base de sal,0.0,0.0,0.0,0.0,0.0,0.0,32560,0.0,0.0,0.0,0.0,0.0,0.0,0.0,0.0,519,7.7,21,89,2.7,0.3,0,2.1,0.6,87.3,0,0,0.0
Azeitona preta conserva,3.5,11.0,3.0,0.06,16.0,5.5,1567,0.25,0.3,0.0,0.0,0.0,0.04,0.0,0.0,520,68.5,194,812,1.2,20.3,0,5.5,4.6,4.5,59,5,0.0
Azeitona verde conserva,2.3,8.3,1.0,0.03,5.0,0.2,1347,0.14,0.1,0.0,0.0,0.0,0.0,0.0,0.0,521,76.3,137,573,0.9,14.2,0,4.1,3.8,4.5,46,4,0.0
Chantilly spray com gordura vegetal,25.9,0.1,0.1,0.0,16.0,0.0,110,0.01,0.1,0.0,0.07,0.0,0.0,0.0,0.0,522,55.1,315,1318,0.5,27.3,0,16.9,0,0.2,2,1,0.0
Leite de coco,15.6,0.9,0.2,0.24,26.0,0.5,44,0.16,0.3,0.0,0.0,0.0,0.0,0.0,0.0,523,78.0,166,695,1.0,18.4,0,2.2,0.7,0.4,6,17,0.0
Maionese tradicional com ovos,4.1,6.4,15.4,0.0,14.0,0.1,787,0.0,0.1,8.0,0.0,0.05,0.0,0.0,0.0,524,58.4,302,1264,0.6,30.5,42,7.9,0,2.6,3,1,0.0
Acarajé,9.1,7.8,2.1,0.59,142.0,1.9,305,0.23,1.2,0.0,0.06,0.0,0.0,0.0,0.0,525,50.5,289,1210,8.3,19.9,25,19.1,9.4,2.1,124,51,0.0
Arroz carreteiro,3.2,3.0,0.2,0.18,48.0,1.0,1622,0.08,2.7,0.0,0.03,0.0,0.07,1.6,0.0,526,68.0,154,643,10.8,7.1,36,11.6,1.5,2.4,13,9,0.0
Baião de dois arroz e feijão-de-corda,0.6,1.0,1.5,0.27,72.0,0.6,93,0.08,0.6,0.0,0.04,0.0,0.04,0.0,0.0,527,69.1,136,568,6.2,3.2,4,20.4,5.1,1.1,33,19,0.0
Barreado,3.3,4.3,1.4,0.05,169.0,2.4,48,0.17,4.8,0.0,0.03,0.04,0.0,2.09,0.0,528,71.2,165,690,18.3,9.5,60,0.2,0.1,0.8,15,21,0.0
Bife à cavalo com contra filé,7.9,8.2,3.3,0.02,216.0,2.1,83,0.06,3.2,37.0,0.05,0.1,0.0,2.92,0.0,529,54.2,291,1219,23.7,21.1,257,0.0,0,1.1,26,19,0.0
Bolinho de arroz,1.8,2.5,3.5,0.42,87.0,2.1,59,0.13,0.9,0.0,0.08,0.05,0.0,0.0,0.0,530,41.5,274,1144,8.0,8.3,70,41.7,2.7,0.5,24,13,0.0
Camarão à baiana,1.6,0.9,1.5,0.11,244.0,1.4,85,0.07,0.5,0.0,0.0,0.0,0.0,0.31,4.1,531,82.0,101,422,7.9,6.0,117,3.2,0.4,0.9,43,15,0.0
Charuto de repolho,0.5,0.5,0.1,0.22,68.0,0.9,12,1.45,1.8,0.0,0.03,0.0,0.0,0.32,4.8,532,81.5,78,327,6.8,1.1,21,10.1,1.5,0.4,23,13,0.0
Cuscuz de milho cozido com sal,0.2,0.2,0.3,0.02,23.0,0.2,248,0.0,0.2,0.0,0.0,0.0,0.06,0.0,0.0,533,71.1,113,475,2.2,0.7,0,25.3,2.1,0.7,2,3,0.0
Cuscuz paulista,1.8,1.8,0.8,0.06,26.0,0.3,236,0.05,0.2,0.0,0.0,0.0,0.0,0.93,0.0,534,68.9,142,595,2.6,4.6,15,22.5,2.4,1.3,14,5,0.0
Cuxá molho,0.6,1.3,1.5,0.23,111.0,0.9,1344,0.17,0.6,0.0,0.04,0.0,0.03,1.1,10.3,535,81.0,80,335,5.6,3.6,58,5.7,3.0,4.0,105,34,0.0
Dobradinha,2.5,1.2,0.1,0.11,57.0,1.0,29,0.06,2.7,0.0,0.0,0.0,0.0,4.27,0.0,536,75.3,125,521,19.8,4.4,144,0.0,0,0.3,11,8,0.0
Estrogonofe de carne,5.3,3.3,0.9,0.03,186.0,2.7,123,0.14,2.0,28.0,0.06,0.05,0.0,3.25,0.0,537,70.1,173,724,15.0,10.8,66,3.0,0,1.1,28,22,0.0
Estrogonofe de frango,3.7,2.2,1.0,0.03,195.0,1.5,99,0.12,0.6,28.0,0.07,0.04,0.03,3.37,0.0,538,70.9,157,656,17.6,8.0,80,2.6,0,1.0,26,25,0.0
Feijão tropeiro mineiro,2.2,2.9,1.5,0.38,199.0,2.2,365,0.22,1.4,9.0,0.0,0.0,0.0,1.44,0.0,539,61.7,152,634,10.2,6.8,68,19.6,3.6,1.8,41,36,0.0
Feijoada,1.9,2.6,1.6,0.24,105.0,1.3,278,0.15,0.8,0.0,0.08,0.03,0.0,0.93,0.0,540,71.8,117,489,8.7,6.5,22,11.6,5.1,1.4,32,32,0.0
Frango com açafrão,1.6,2.5,1.8,0.09,167.0,0.8,29,0.02,0.5,8.0,0.03,0.0,0.0,1.64,5.3,541,79.5,113,472,9.7,6.2,50,4.1,0.2,0.5,13,16,0.0
Macarrão molho bolognesa,0.3,0.3,0.3,0.22,54.0,1.4,9,0.09,0.8,0.0,0.04,0.0,0.0,1.44,0.0,542,71.4,120,500,4.9,0.9,7,22.5,0.8,0.2,11,10,0.0
Maniçoba,2.9,3.7,1.7,0.6,55.0,3.2,407,0.16,2.0,0.0,0.04,0.07,0.05,2.58,0.0,543,76.4,134,562,10.0,8.7,43,3.4,2.2,1.5,66,24,0.0
Quibebe,1.0,1.1,0.2,0.05,43.0,0.8,247,0.61,1.6,0.0,0.0,0.03,0.04,0.0,0.0,544,81.1,86,361,8.6,2.7,0,6.6,1.7,1.0,8,10,0.0
Salada de legumes com maionese,1.1,1.8,3.8,0.1,22.0,0.2,228,0.04,0.2,0.0,0.04,0.0,0.04,0.0,0.0,545,82.0,96,402,1.1,7.0,7,8.9,2.2,0.9,12,9,0.0
Salada de legumes cozida no vapor,0.1,0.0,0.2,0.24,45.0,0.4,3,0.17,0.3,0.0,0.05,0.03,0.03,0.0,29.4,546,90.0,35,148,2.0,0.3,0,7.1,2.5,0.6,33,19,0.0
Salpicão de frango,1.3,2.1,4.0,0.03,103.0,0.3,248,0.08,0.4,0.0,0.05,0.0,0.0,1.48,9.3,547,72.5,148,619,13.9,7.8,53,4.6,0.4,1.1,9,13,0.0
Sarapatel,1.4,1.1,0.7,0.1,164.0,7.2,216,1.48,1.8,1464.0,0.0,0.11,0.0,3.84,0.0,548,75.0,123,515,18.5,4.4,315,1.1,0,1.1,12,13,0.0
Tabule,0.2,0.8,0.2,0.37,35.0,0.6,1,0.12,0.6,0.0,0.03,0.0,0.0,0.6,16.2,549,85.8,57,240,2.0,1.2,0,10.6,2.1,0.4,19,18,0.0
Tacacá,0.2,0.1,0.0,0.12,89.0,0.9,1349,0.22,0.8,0.0,0.05,0.0,0.0,0.0,0.0,550,85.2,47,196,7.0,0.4,71,3.4,0.2,4.1,45,30,0.0
Tapioca com manteiga,6.0,3.0,0.2,0.06,8.0,0.2,158,0.01,0.0,75.0,0.0,0.0,0.0,0.0,0.0,551,24.9,348,1455,0.1,10.9,31,63.6,0,0.5,30,3,0.0
Tucupi com pimenta-de-cheiro,0.1,0.1,0.0,0.52,31.0,1.1,5,0.12,0.9,0.0,0.0,0.0,0.05,0.0,46.4,552,91.9,27,114,2.1,0.3,0,4.7,0.2,1.0,28,42,0.0
Vaca atolada,4.1,3.2,1.2,0.04,72.0,0.7,26,0.12,1.2,0.0,0.0,0.0,0.0,0.77,0.0,553,75.0,145,606,5.1,9.3,19,10.1,2.3,0.5,63,16,0.0
Vatapá,7.5,9.7,4.7,0.48,108.0,1.4,880,0.28,0.9,0.0,0.0,0.0,0.0,1.8,0.0,554,58.4,255,1066,6.0,23.2,44,9.7,1.7,2.7,47,39,0.0
Virado à paulista,8.3,10.6,5.1,0.15,135.0,1.1,346,0.07,1.0,10.0,0.14,0.05,0.0,2.6,0.0,555,48.6,307,1284,10.2,25.6,66,14.1,2.2,1.5,41,22,0.0
Yakisoba,0.6,0.9,1.0,0.15,83.0,0.6,794,0.06,0.7,0.0,0.16,0.0,0.0,2.09,0.0,556,69.4,113,472,7.5,2.6,0,18.3,1.1,2.2,14,13,0.0
Amendoim grão cru,8.7,17.2,16.2,1.96,407.0,2.5,0,0.78,3.2,0.0,0.1,0.03,0.76,10.18,0.0,557,6.4,544,2276,27.2,43.9,0,20.3,8.0,2.2,0,171,0.0
Amendoim torrado salgado,9.7,29.1,14.2,1.7,261.0,1.3,376,0.68,2.1,0.0,0.08,0.0,0.21,7.47,0.0,558,1.7,606,2535,22.5,54.0,0,18.7,7.8,3.2,39,159,0.0
Ervilha em vagem,0.0,0.1,0.3,0.4,152.0,1.4,0,0.2,1.2,0.0,0.27,0.07,0.06,1.16,12.4,559,76.8,88,367,7.5,0.5,0,14.2,9.7,1.0,24,42,0.0
Ervilha enlatada drenada,0.1,0.1,0.2,0.46,79.0,1.4,372,0.14,0.9,0.0,0.07,0.03,0.0,0.0,0.0,560,80.1,74,309,4.6,0.4,0,13.4,5.1,1.4,22,23,0.0
Feijão carioca cozido,0.1,0.1,0.3,0.28,87.0,1.3,2,0.19,0.7,0.0,0.04,0.0,0.0,0.0,0.0,561,80.4,76,320,4.8,0.5,0,13.6,8.5,0.7,27,42,0.0
Feijão carioca cru,0.2,0.1,0.9,1.02,385.0,8.0,0,0.79,2.9,0.0,0.17,0.0,0.65,4.02,0.0,562,14.0,329,1377,20.0,1.3,0,61.2,18.4,3.5,123,210,0.0
Feijão fradinho cozido,0.2,0.1,0.3,0.53,85.0,1.1,1,0.1,1.1,0.0,0.12,0.0,0.0,0.0,0.0,563,80.0,78,326,5.1,0.6,0,13.5,7.5,0.8,17,38,0.0
Feijão fradinho cru,0.7,0.2,0.9,1.43,355.0,5.1,10,0.7,3.9,0.0,0.14,0.03,0.26,0.0,0.0,564,12.7,339,1419,20.2,2.4,0,61.2,23.6,3.5,78,178,0.0
Feijão jalo cozido,0.1,0.1,0.3,0.32,121.0,1.9,1,0.24,1.0,0.0,0.13,0.0,0.04,0.0,0.0,565,75.8,93,388,6.1,0.5,0,16.5,13.9,1.0,29,44,0.0
Feijão jalo cru,0.3,0.2,0.6,0.99,427.0,7.0,25,0.95,3.0,0.0,0.1,0.0,0.12,0.0,0.0,566,13.5,328,1372,20.1,0.9,0,61.5,30.3,3.9,98,170,0.0
Feijão preto cozido,0.1,0.1,0.3,0.37,88.0,1.5,2,0.2,0.7,0.0,0.06,0.0,0.03,0.0,0.0,567,80.2,77,322,4.5,0.5,0,14.0,8.4,0.8,29,40,0.0
Feijão preto cru,0.2,0.1,0.8,1.32,471.0,6.5,0,0.83,2.9,0.0,0.12,0.0,0.59,4.6,0.0,568,14.9,324,1354,21.3,1.2,0,58.8,21.8,3.8,111,188,0.0
Feijão rajado cozido,0.1,0.0,0.2,0.29,113.0,1.4,1,0.23,0.9,0.0,0.09,0.0,0.04,0.0,0.0,569,77.9,85,354,5.5,0.4,0,15.3,9.3,0.9,29,42,0.0
Feijão rajado cru,0.4,0.1,0.8,1.17,335.0,18.6,14,0.84,2.6,0.0,0.07,0.03,0.07,0.0,0.0,570,15.0,326,1363,17.3,1.2,0,62.9,24.0,3.7,111,170,0.0
Feijão rosinha cozido,0.2,0.0,0.2,0.46,90.0,1.2,2,0.09,1.3,0.0,0.0,0.0,0.0,3.69,0.0,571,82.6,68,284,4.5,0.5,0,11.8,4.8,0.6,19,43,0.0
Feijão rosinha cru,0.6,0.1,0.7,1.08,394.0,5.3,24,0.6,4.0,0.0,0.16,0.03,0.0,3.92,0.0,572,12.0,337,1410,20.9,1.3,0,62.2,20.6,3.6,68,184,0.0
Feijão roxo cozido,0.1,0.1,0.3,0.32,106.0,1.4,1,0.22,1.0,0.0,0.15,0.0,0.03,0.0,0.0,573,80.0,77,322,5.7,0.5,0,12.9,11.5,0.8,23,34,0.0
Feijão roxo cru,0.3,0.2,0.8,1.34,394.0,6.9,10,1.04,3.3,0.0,0.26,0.0,0.08,0.0,0.0,574,12.6,331,1387,22.2,1.2,0,60.0,33.8,4.0,120,162,0.0
Grão-de-bico cru,0.9,1.4,2.8,3.16,342.0,5.4,5,0.67,3.2,0.0,0.52,0.0,0.75,0.0,0.0,575,12.3,355,1484,21.2,5.4,0,57.9,12.4,3.2,114,146,0.0
Guandu cru,0.6,0.2,0.9,1.02,269.0,1.9,2,0.57,2.0,0.0,1.06,0.0,0.07,2.69,1.5,576,11.4,344,1440,19.0,2.1,0,64.0,21.3,3.5,129,166,0.0
Lentilha cozida,0.1,0.1,0.3,0.29,104.0,1.5,1,0.17,1.1,0.0,0.03,0.0,0.0,0.0,0.0,577,76.3,93,388,6.3,0.5,0,16.3,7.9,0.6,16,22,0.0
Lentilha crua,0.1,0.2,0.4,1.08,368.0,7.0,0,0.83,3.5,0.0,0.11,0.0,0.42,5.07,0.0,578,11.5,339,1419,23.2,0.8,0,62.0,16.9,2.6,54,94,0.0
Paçoca amendoim,4.1,10.0,7.3,1.06,198.0,1.1,167,0.38,1.6,0.0,0.0,0.0,1.2,0.0,0.0,579,1.8,487,2037,16.0,26.1,0,52.4,7.3,3.8,22,101,0.0
Pé-de-moleque amendoim,5.1,14.4,8.3,1.09,171.0,1.3,16,0.43,1.4,0.0,0.04,0.03,0.11,5.94,0.0,580,2.9,503,2105,13.2,28.0,0,54.7,3.4,1.1,27,108,0.0
Soja farinha,0.0,0.0,0.0,2.87,539.0,13.1,6,1.29,4.5,0.0,0.2,0.04,0.03,0.0,0.0,581,5.8,404,1690,36.0,14.6,0,38.4,20.2,5.1,206,242,0.0
Soja extrato solúvel natural fluido,0.2,0.3,0.6,0.15,53.0,0.4,57,0.08,0.3,0.0,0.0,0.0,0.0,0.0,0.0,582,91.3,39,164,2.4,1.6,0,4.3,0.4,0.5,17,15,0.0
Soja extrato solúvel pó,3.3,6.4,12.9,2.68,647.0,7.0,83,1.19,5.8,0.0,0.0,0.11,0.35,0.0,9.2,583,4.5,459,1920,35.7,26.2,0,28.5,7.3,5.2,359,216,0.0
Soja queijo (tofu),0.4,0.5,1.7,0.33,130.0,1.4,1,0.18,0.9,0.0,0.04,0.0,0.03,0.0,0.0,584,86.6,64,270,6.6,4.0,0,2.1,0.8,0.7,81,38,0.0
Tremoço cru,1.2,5.4,1.7,0.0,265.0,2.8,3,0.79,4.2,0.0,0.24,0.0,0.07,0.0,25.0,585,9.7,381,1595,33.6,10.3,0,43.8,32.3,2.6,177,121,0.0
Tremoço em conserva,0.4,1.9,0.6,0.0,40.0,0.3,1809,0.27,0.6,0.0,0.0,0.0,0.0,0.0,0.0,586,67.7,121,505,11.1,3.8,0,12.4,14.4,5.0,16,4,0.0
Amêndoa torrada salgada,4.8,32.3,16.2,1.95,493.0,3.1,279,0.93,2.6,0.0,0.29,0.16,0.0,0.0,0.0,587,3.1,581,2430,18.6,47.3,0,29.5,11.6,1.5,237,222,0.0
Castanha-de-caju torrada salgada,7.7,26.5,8.1,1.59,594.0,5.2,125,1.92,4.7,0.0,0.29,0.05,0.39,0.0,0.0,588,3.5,570,2386,18.5,46.3,0,29.1,3.7,2.6,33,237,0.0
Castanha-do-Brasil crua,15.3,27.4,21.0,1.1,853.0,2.3,1,1.79,4.2,0.0,0.3,0.0,0.44,0.0,0.0,589,3.5,643,2690,14.5,63.5,0,15.1,7.9,3.4,146,365,0.0
Coco cru,30.0,1.5,0.3,1.0,118.0,1.8,15,0.45,0.9,0.0,0.0,0.0,0.03,0.0,2.5,590,43.0,406,1701,3.7,42.0,0,10.4,5.4,1.0,6,51,0.0
Coco verde cru,0.0,0.0,0.0,0.0,0.0,0.0,0,0.0,0.0,0.0,0.0,0.0,0.0,0.0,0.0,591,0,0,0,0,0,0,0,0,0,0,0,0.0
Farinha de mesocarpo de babaçu crua,0.0,0.0,0.0,0.38,26.0,18.3,12,0.22,0.3,0.0,0.0,0.0,0.0,2.58,0.0,592,15.8,329,1376,1.4,0.2,0,79.2,17.9,3.4,61,39,0.0
Gergelim semente,7.8,19.9,22.5,2.67,741.0,5.4,3,1.51,5.2,0.0,0.94,0.0,0.13,5.92,0.0,593,3.9,584,2442,21.2,50.4,0,21.6,11.9,2.9,825,361,0.0
Linhaça semente,4.2,7.1,25.3,2.81,615.0,4.7,9,1.09,4.4,0.0,0.12,0.0,0.13,0.0,0.0,594,6.7,495,2072,14.1,32.3,0,43.3,33.5,3.7,211,347,0.0
Pinhão cozido,0.3,0.1,0.2,0.41,166.0,0.8,1,0.18,0.8,0.0,0.0,0.0,0.0,0.0,27.7,595,50.5,174,730,3.0,0.7,0,43.9,15.6,1.8,16,53,0.0
Pupunha cozida,3.1,6.8,0.4,0.13,49.0,0.5,1,0.28,0.3,0.0,0.0,0.09,0.03,0.0,2.2,596,54.5,219,914,2.5,12.8,0,29.6,4.3,0.7,28,25,0.0
Noz crua,5.6,8.7,44.1,4.05,396.0,2.0,5,0.75,2.1,0.0,0.38,0.0,0.13,1.08,0.0,597,6.2,620,2594,14.0,59.4,0,18.4,7.2,2.1,105,153,0.0
